Hours_Studied,Attendance,Sleep_Hours,Previous_Scores,Tutoring_Sessions,Physical_Activity,Actual,Predicted
31,96,9,65,0,2,74,72.2409937450199
13,84,9,94,3,2,66,67.43977848372907
27,83,9,76,1,4,70,69.79327440533055
20,97,7,94,1,1,72,70.9969091210723
17,76,8,95,1,4,67,66.41126933630147
24,84,7,65,3,3,69,69.48682174669202
17,96,7,84,2,3,72,70.22316523774066
15,77,8,85,1,2,66,65.26633817767839
19,63,6,98,4,2,69,65.80485450750236
25,76,6,57,0,3,68,66.3817622837978
13,62,6,90,3,3,62,63.12845277925235
24,95,4,63,3,3,70,71.65584471949313
27,95,7,52,3,3,73,71.92588320489068
25,78,8,91,3,4,69,69.93452406124693
22,81,7,77,2,3,68,68.38696578962528
25,62,8,77,0,4,62,64.64169573719496
12,83,6,79,1,4,65,65.63609186727452
31,84,8,98,1,4,73,72.22962710460811
10,85,6,53,1,3,60,64.07550884580036
11,68,6,91,3,2,61,63.63520256476467
20,69,6,65,1,2,64,64.25885152608427
27,79,6,90,3,4,73,70.72819426236344
22,93,6,52,1,3,69,69.11998455418797
28,84,7,81,1,3,71,70.43541442070278
28,76,7,67,1,4,66,68.33378288308134
23,75,7,68,1,4,64,66.72109655945508
32,66,10,77,3,1,71,68.45961283652746
26,73,7,53,3,5,68,67.61371763546944
16,82,6,91,0,3,66,66.54377382019442
22,63,4,86,0,4,64,64.50409752438136
17,69,9,96,2,3,66,65.39053047620246
12,72,8,67,4,4,63,64.30043320100629
10,98,6,65,1,2,66,67.07178751902447
29,98,5,88,3,2,75,74.721149325982
19,65,10,58,2,3,64,63.3590650153089
14,87,7,61,0,3,65,65.50119075944573
32,61,7,80,0,4,68,66.66172352730536
31,70,7,66,1,3,69,67.83412897074642
18,66,6,86,0,2,63,63.584328991623806
23,61,9,58,4,2,63,64.60113040874288
13,61,7,68,1,2,58,60.74188113791742
21,71,8,90,3,4,67,67.33274288211476
19,72,5,52,1,2,64,63.974683615686295
18,90,7,52,2,2,67,67.67362899766793
23,89,10,69,5,4,71,71.40513388578366
20,80,5,94,0,4,67,67.63136430991777
28,90,8,75,1,3,70,71.3097319382345
14,76,7,64,3,3,64,64.93267248315256
19,60,6,60,1,2,65,61.949634475462034
26,78,7,78,4,4,69,70.13032452930584
14,92,9,58,1,2,69,66.63628676398693
27,82,6,88,2,3,71,70.59588901954217
7,63,10,90,0,2,86,59.846716551737885
18,67,5,52,0,4,64,62.48979926892176
18,93,4,76,3,3,70,70.12001399961409
14,81,9,81,1,3,66,65.68974878159324
15,76,6,82,4,4,69,66.7361736049567
22,72,7,62,5,2,68,67.22078362849084
10,87,6,83,0,4,63,65.54299370032346
23,85,7,66,0,2,68,67.8309599509647
19,69,7,84,2,4,66,65.6091788907764
18,82,6,89,0,1,66,66.74877364661742
11,78,8,100,1,3,66,65.14603369294976
22,93,6,69,0,3,69,69.4347693305945
25,81,8,86,1,3,68,69.17181821126272
25,95,8,96,1,4,74,72.55673809934696
20,76,9,64,2,2,64,65.99766997162986
16,74,6,68,2,4,67,64.99405445922174
17,87,7,68,1,2,70,67.05523260891766
20,65,7,58,3,4,63,64.37015064419847
14,88,8,67,2,3,66,66.93069943241456
28,69,8,66,0,6,66,66.66926981300806
21,93,9,70,0,1,68,68.81690246129834
22,79,6,97,3,3,66,69.4542333793874
27,88,7,72,1,1,71,70.22366442723649
16,74,8,80,0,4,66,64.52566873781045
16,82,8,75,2,2,66,66.56395645108336
32,84,10,68,1,5,73,71.1886834777711
23,77,6,69,1,2,67,66.90782115594124
23,94,6,84,0,3,73,70.63391399466609
23,86,4,100,0,3,69,69.86564857548423
22,61,6,77,1,4,65,64.11346927952083
24,76,10,55,2,4,67,66.99822745771002
14,65,5,72,3,2,62,63.050170196954554
23,64,6,51,1,5,64,63.91331348607143
18,61,6,91,3,3,80,64.43999137165169
22,86,5,57,2,3,69,68.48919743231338
24,93,7,88,1,3,71,71.37703755166916
13,80,9,88,1,3,68,65.53030803944807
22,92,7,52,1,3,68,68.89302574324708
22,94,7,75,2,2,71,70.72161469435076
23,71,8,71,1,2,64,65.75708953324869
26,98,7,68,4,1,73,73.18640460572183
24,78,9,91,0,3,68,68.00444418540027
20,89,6,70,1,3,68,68.5944738770277
15,100,8,94,2,3,73,70.87311980933899
21,63,7,100,1,2,66,64.9892239540329
18,79,7,55,1,3,65,65.29328283207725
21,77,7,65,2,2,64,66.59343621950077
25,74,5,67,1,5,71,67.26176380020033
22,87,8,60,2,2,67,68.59876803698123
28,99,6,88,3,4,75,74.88276091144755
20,70,6,78,0,2,66,64.58243236056883
22,64,8,68,2,4,65,64.71200670861992
22,95,7,85,0,4,71,70.70012154009754
12,72,8,56,3,1,62,62.86396851277782
25,84,10,57,4,2,70,69.6597525468348
31,96,8,93,3,3,75,75.20191066626128
22,71,6,79,1,3,66,66.04365585658445
28,79,4,82,0,3,70,69.09226224474102
11,63,7,55,3,1,62,60.772914215018446
13,76,5,99,2,4,66,66.00661627467957
11,98,5,82,1,2,71,68.19674326281006
13,60,9,77,2,5,61,61.827742800699056
11,85,10,80,0,3,63,65.03880610099829
16,90,7,58,1,4,70,67.1690434483313
23,68,6,86,0,2,68,65.44210771922045
18,95,6,54,0,3,68,67.951856596091
38,90,4,60,2,4,74,74.27285663001898
21,95,7,63,1,4,70,69.85661792619607
22,63,7,80,2,2,64,64.82508386169349
22,97,7,98,0,0,71,71.13950507215122
17,81,7,80,1,3,67,66.57800833952038
28,76,9,60,1,2,66,67.65939002810892
17,98,9,94,0,3,71,70.05592724755624
27,81,5,98,0,3,70,69.92252865342891
30,81,5,67,1,1,69,69.53805496490628
15,69,8,73,2,2,61,63.605184668828834
16,63,8,82,0,3,63,62.30135948424365
31,68,9,59,3,2,69,67.88397875465776
19,98,7,67,1,4,70,70.05430942408063
12,70,5,85,1,3,66,63.23427909698674
19,86,7,93,1,2,72,68.6237261867927
21,84,4,90,2,3,69,69.38979023016557
21,89,6,97,1,3,68,70.16289663644903
14,84,5,82,3,3,66,67.42425575899841
16,93,10,55,2,2,67,67.73668419792709
15,95,7,77,0,3,68,68.13242663623924
21,63,6,64,1,3,63,63.45967924896939
19,95,8,99,0,2,70,70.17003153921436
25,65,6,94,1,4,65,66.58547686953025
20,94,8,89,1,4,71,70.56597762229293
16,81,6,57,3,3,64,66.20499393221695
26,69,7,95,1,4,67,67.68736549333
17,64,9,50,2,4,62,62.37010172924562
17,93,7,93,2,4,69,70.19766256518372
21,85,7,93,0,4,70,68.80744185400353
30,85,7,65,2,3,70,70.95056703147176
20,81,8,69,1,2,65,66.7636348680033
24,85,9,89,1,2,70,69.64071708100172
21,83,7,64,2,2,68,67.73317575907383
13,63,8,88,0,2,59,61.56498431529424
11,94,9,66,2,2,65,67.0213825118184
19,81,9,53,2,3,68,66.31722450223629
20,95,7,64,2,3,68,69.95741419418692
15,72,8,68,0,2,64,62.9851421280572
16,66,8,50,1,4,62,62.01384838374837
13,74,7,98,0,3,64,64.38553047515168
23,62,8,91,3,3,64,66.04168561215846
19,79,10,59,1,3,65,65.68736537194678
15,63,9,63,4,3,64,63.0363764006112
19,79,8,92,1,2,68,67.16250929792179
16,99,6,76,2,4,70,70.31795698244763
15,79,10,79,2,4,65,66.09414689794612
29,83,5,99,0,4,73,71.09296248460893
32,97,5,97,1,5,76,75.2766614169867
20,82,8,79,1,4,67,67.71938731300511
30,63,10,76,1,4,67,66.68475350815078
12,87,7,62,2,4,64,66.0835139538867
11,83,6,55,0,4,62,63.72082411576107
11,94,6,88,2,4,70,68.43379008061689
17,96,8,97,0,3,67,69.8311644616568
27,72,7,79,2,2,68,68.02043526365512
22,76,9,76,2,5,65,67.5776161126144
24,77,9,99,1,1,70,68.3879813852385
20,66,6,90,0,1,64,64.21554774233024
29,76,8,60,2,3,68,68.61222430470055
20,80,10,84,1,4,68,67.50176603701568
18,64,6,67,0,4,63,62.57606322607411
20,93,8,68,1,3,68,69.23303652554048
15,78,7,81,0,2,64,64.81563711227787
15,60,7,63,0,1,58,60.26131053159814
10,97,4,83,1,2,69,67.78287258174302
22,75,6,56,3,3,65,66.72527080390228
20,86,8,94,2,2,64,69.42290507105227
25,93,8,56,0,3,69,69.63941495378407
23,75,8,87,1,2,69,67.30457037927195
12,93,9,74,1,3,67,67.14808653164188
27,79,5,58,2,1,68,68.32841059753602
14,62,7,63,2,2,62,61.48446321804705
25,69,7,52,1,4,65,65.36279442705309
18,69,4,62,1,3,63,63.73314339685425
20,73,6,84,0,3,67,65.60215068922801
22,89,5,59,5,4,71,70.78574708314123
20,83,9,87,0,2,68,67.49221950702318
22,96,7,99,4,4,74,73.51407564189816
19,71,8,57,2,4,65,64.6997192163925
33,93,6,96,0,4,75,74.07008031525402
26,80,8,93,2,1,69,69.80051863352503
27,72,5,93,1,2,70,68.25169358482418
14,99,6,86,2,4,71,70.20570469102724
16,94,7,98,0,4,69,69.36212395501042
20,84,7,71,5,2,68,69.43526968539507
16,72,9,52,1,1,60,62.83825012707014
14,77,6,77,1,2,64,64.65409288494598
23,97,8,60,1,3,72,70.52356238608807
23,98,7,54,0,3,68,69.9783427823306
29,77,6,85,1,1,69,69.27584110319958
15,86,10,68,0,5,69,66.12454459048391
9,76,7,79,1,3,63,63.202203463561816
20,78,8,89,0,4,66,66.91202466599464
16,64,7,79,3,4,66,63.995072195744264
19,80,7,66,4,4,69,67.91192212753009
20,62,4,78,1,4,64,63.83196805258406
22,76,10,57,1,3,66,65.87661490402175
8,88,8,92,1,4,66,66.0116867218461
25,94,7,76,1,2,69,71.15751863870939
21,81,7,85,1,3,68,67.98399465182298
16,100,8,65,1,2,69,69.16373738592571
17,66,5,64,0,2,64,62.2813282542438
27,82,6,51,1,3,66,68.35867326031114
14,66,6,96,0,3,61,63.02989502621088
23,100,5,93,4,3,73,74.22986310068295
15,71,8,60,0,3,62,62.55189814905006
36,66,8,58,1,3,69,68.09770906001475
21,63,7,63,2,2,63,63.72925379405688
30,88,9,96,1,3,73,72.46222962845474
26,74,6,77,3,2,66,68.54690897905596
18,84,6,64,2,2,67,67.08286709520705
37,96,7,63,0,4,76,74.24458812700144
12,72,8,84,1,5,63,63.78063568737035
15,60,7,81,4,2,63,63.20913188453332
25,72,8,87,3,3,68,68.41582486656893
23,85,8,77,0,4,70,68.6070128542041
12,92,7,90,2,5,69,68.53860247405616
24,80,7,96,0,0,70,68.2666682255367
18,75,7,53,0,2,63,63.77614564571252
25,86,6,59,3,3,69,69.92048056895655
24,79,6,99,2,3,68,69.64497410132194
19,78,9,78,2,2,67,66.76254351810978
26,91,7,79,1,5,72,71.42620946110932
27,74,6,54,3,3,69,67.89503158876622
17,64,7,74,2,2,64,63.27724892340178
17,98,10,71,0,3,70,68.93983838030238
14,74,7,66,0,3,63,63.16565635304309
17,71,6,99,4,3,66,66.99259718102368
16,67,5,56,1,2,61,62.2972875436329
25,81,8,68,0,3,69,67.83252856642267
24,91,7,72,3,3,71,71.20246857448478
12,90,7,61,2,2,66,66.34442747065884
20,95,6,65,2,3,70,70.03379913951439
24,95,7,71,1,3,74,70.96929624521897
24,63,8,59,1,3,62,64.04239902558675
18,84,6,94,3,4,71,69.27459458861394
19,82,8,82,2,4,68,68.05736542856549
20,92,6,82,0,5,69,69.55178833034277
18,63,6,94,2,2,63,64.34614933993086
19,89,6,90,0,4,70,68.90127727857966
17,77,7,54,1,2,64,64.4152714924998
16,73,8,58,1,4,64,63.77675448071962
29,82,7,84,1,2,70,70.33128514104433
31,82,5,98,0,3,71,71.29005175463108
18,81,9,73,1,2,65,66.3387012853631
10,93,7,90,0,2,66,66.7463550987502
25,92,5,72,1,4,71,70.91639326313475
17,93,6,87,1,2,67,69.16928320820918
16,62,7,79,2,3,63,62.96811981732032
24,64,8,90,0,3,65,65.21664670528384
17,81,6,95,2,3,69,67.80464585297398
20,62,6,98,0,3,67,64.08761597501548
11,97,7,69,3,2,66,68.30353387565506
11,69,8,65,0,2,58,61.08017494973578
20,93,7,79,1,3,69,69.78201416265267
20,92,7,58,2,4,70,69.22302248395289
24,72,7,61,3,2,67,66.78112374326244
19,97,9,61,2,1,72,69.57530219390969
10,76,7,80,1,4,65,63.68454853355543
17,75,5,73,0,4,63,64.77248650840252
25,96,5,69,0,4,71,71.07732519513951
30,85,6,96,1,4,72,72.09877056173846
27,91,4,67,1,2,71,70.8109078233794
19,73,9,86,0,3,66,65.31686970753549
12,96,7,71,2,2,68,68.00401897119512
9,79,7,90,1,3,63,64.3155548289008
19,69,7,82,1,2,65,64.74071093436679
15,93,6,64,2,4,71,68.27142445195184
20,80,6,86,1,3,67,67.57012397075596
4,64,7,65,1,4,59,58.847126928759884
18,73,7,94,1,3,68,65.94939552128618
16,94,6,66,3,4,69,69.34482141633079
19,69,7,72,1,2,61,64.26811824258205
22,77,10,79,2,2,67,67.46011145115503
16,93,6,56,2,4,67,68.1857727901266
15,96,7,58,3,4,70,69.04086536473531
24,92,5,81,2,3,69,71.3952636845534
18,100,8,66,3,3,69,70.91575054677693
23,69,6,60,2,4,66,65.67377207305225
21,68,8,52,3,2,65,64.65806463053184
13,65,5,87,1,2,61,62.48939114377406
21,72,7,78,0,1,63,65.09873213639368
23,88,6,58,2,2,68,69.0527564773167
16,100,10,56,1,2,69,68.68015261102151
18,68,7,72,0,3,64,63.43190312577262
13,86,7,58,0,3,63,64.86915732551583
22,89,8,89,0,3,71,69.53037082269833
20,72,6,89,1,3,62,66.12923669995598
9,86,8,86,1,1,65,65.19689740115624
22,87,6,58,0,4,68,67.87058187009234
18,74,7,67,0,3,63,64.3826055886318
22,97,8,75,1,4,71,71.08269224137518
25,73,7,70,0,4,67,66.5161710118058
13,86,5,54,3,3,66,66.20423999998243
23,85,7,99,1,5,71,70.30712856111958
15,91,10,61,0,4,65,66.64023207098164
24,91,7,51,2,3,72,69.72140112210931
15,78,9,95,1,3,69,66.05030163731865
15,80,5,90,4,3,69,67.79204266448858
16,75,5,86,0,1,62,64.66644458848239
22,76,6,84,2,3,70,67.75774067606395
34,84,6,95,1,3,73,72.88070481496574
19,91,8,59,1,2,69,67.97695103253524
17,97,9,88,0,2,70,69.4318751884809
24,88,8,74,0,3,71,69.20849363343443
16,60,7,70,3,4,63,62.77840623397031
20,83,5,58,1,3,68,66.86948951428343
21,72,8,100,3,3,70,67.86050539947885
26,72,10,54,2,2,66,66.4591540141438
18,89,4,73,3,2,100,69.04424034369839
17,90,5,88,1,1,68,68.50950543994827
23,87,8,79,2,2,71,69.78911664297478
11,60,7,59,2,1,60,59.87982908772905
16,82,7,85,1,4,67,66.86237863781469
9,98,9,64,1,3,67,66.78739203900909
22,92,9,72,1,4,71,69.92262308373118
18,81,10,55,3,2,64,66.43615436325663
26,89,6,72,1,3,69,70.443527365
17,82,5,66,1,3,66,66.17246305811162
22,68,4,87,2,3,66,66.37510475756193
15,91,6,64,1,3,64,67.2444720735279
20,83,7,79,2,5,66,68.5776322327861
23,64,5,59,3,5,64,65.29775891490323
28,63,7,91,1,1,65,66.46818466343196
16,97,6,92,0,4,71,69.70119342046432
33,77,5,85,0,5,69,70.55668718298158
18,66,5,97,4,4,66,66.37312444567122
15,88,8,61,2,4,68,67.08222961815886
15,78,8,100,0,3,62,65.82710085973247
26,71,6,94,3,4,68,69.0421437691394
13,83,5,59,4,2,63,66.19299643191398
18,66,9,87,1,3,64,64.17549734119545
16,92,8,63,2,4,68,68.26050318728605
8,97,8,87,0,2,67,66.78193917102837
35,93,6,94,5,2,76,76.71819413981464
16,93,6,77,2,1,67,68.75022751523683
14,63,9,72,3,4,59,62.82332784119996
17,62,7,66,2,4,63,62.7888351188153
21,97,7,99,1,3,71,71.8109545769924
15,66,9,63,3,3,63,63.14125300535945
22,70,7,53,1,3,83,64.58795604700323
24,75,8,85,1,2,66,67.50247433251756
10,61,10,79,4,2,62,61.762956994508585
28,78,4,73,3,4,68,70.07762739543799
17,77,5,59,2,4,65,65.48376860874279
18,99,8,72,4,4,72,71.63275913589594
24,96,7,96,1,3,74,72.34861110947273
17,87,5,60,4,3,67,68.34394151588296
25,99,9,74,1,3,73,72.1365777312267
15,64,8,82,0,3,61,62.20677012743302
37,94,8,52,1,3,76,73.64590371072033
29,80,10,91,1,3,70,70.32172003647545
16,60,8,67,0,3,61,60.998971042190774
20,87,10,56,2,2,67,67.76663462476427
10,78,8,74,1,4,65,63.76753351191946
17,69,7,87,2,3,65,65.02344840589413
26,73,8,91,4,5,69,69.86906698772998
26,77,6,63,1,4,66,67.78685963410321
21,77,6,60,1,3,66,66.04030605934243
22,64,6,73,3,4,67,65.49517720643775
15,63,7,74,4,2,62,63.471816404659776
12,74,8,66,1,4,62,63.182971802529096
24,77,8,87,2,1,68,68.3386186308733
16,91,6,92,2,3,71,69.34877690175523
11,65,5,62,2,2,60,61.21168723073462
14,77,7,54,1,2,62,63.53800401769212
25,83,7,94,2,3,72,70.46330711005085
14,78,6,69,0,5,67,64.41321899432033
19,81,10,56,1,3,65,65.9412538339952
21,71,8,57,2,1,66,64.85657427195989
19,65,5,95,2,4,65,65.39594966486987
20,70,6,92,2,3,67,66.36397103753508
7,84,5,96,1,3,62,65.06168248702409
21,93,7,67,2,3,68,69.99594822374107
15,88,8,71,1,2,64,66.78087289189092
15,91,6,80,0,3,69,67.51199758075595
11,93,9,94,4,4,69,69.40938113170394
14,82,4,96,2,4,66,67.37338544364722
17,87,6,94,2,3,70,68.94438539254705
20,75,9,82,0,5,66,66.10124801043315
22,65,8,98,4,3,66,67.16220020880851
21,60,8,93,0,2,63,63.54716118963131
9,62,5,58,0,5,59,59.29505009482253
17,66,6,61,1,6,65,63.16970080703723
15,69,7,89,1,2,63,63.90183585220586
35,84,5,86,1,3,72,72.776919560111
13,64,6,77,0,4,60,61.586543459846055
29,77,8,65,1,3,68,68.55773098575732
25,60,5,73,1,2,62,64.34766560054652
23,94,8,58,5,6,71,72.21802556950317
17,90,8,65,2,3,71,68.10911463844914
27,67,9,94,0,2,70,66.70466167581962
22,70,5,90,1,3,68,66.3948003589047
17,62,8,86,2,4,62,63.7048948262358
27,93,6,66,2,3,70,71.73234958032693
20,81,6,51,3,4,67,67.23379159276891
22,75,7,52,0,3,66,65.04123965215686
3,62,6,67,1,3,55,58.14001907286682
27,63,6,86,1,4,68,66.39658142972374
19,84,8,56,0,3,64,66.10438179104142
21,72,9,80,1,3,66,65.90894874050537
22,62,8,76,1,3,63,64.06312848362376
27,92,6,99,4,3,74,74.07131792767967
33,72,8,83,3,4,71,70.70883103188808
24,86,7,89,2,3,69,70.5280876769317
10,95,5,93,0,3,69,67.48471383737999
19,75,10,88,0,2,66,65.63526553011474
24,91,6,56,1,2,70,69.35553703531056
19,84,5,63,1,2,67,66.86853319415259
11,83,5,63,2,3,65,64.96260623538029
13,66,6,98,1,2,65,63.177950563380215
17,88,7,94,0,3,69,68.13584725193496
27,90,8,67,2,3,70,71.12785809283167
21,99,5,54,1,4,70,70.28086839505545
20,95,8,77,1,2,69,69.91137290851802
14,97,5,83,0,2,68,68.43481407237675
14,85,6,94,0,4,67,66.83686935811306
17,67,5,83,3,3,64,64.98561921152185
25,79,7,52,1,2,68,67.05579915654717
20,65,8,97,0,3,65,64.57560475791485
18,87,6,92,1,4,68,68.7963298553777
22,68,9,53,1,2,65,63.99137511590886
22,94,9,53,1,3,68,69.27769992971145
17,74,9,50,0,2,60,63.08586085948467
21,65,9,56,1,5,63,63.67522095510368
29,72,5,50,0,4,64,66.60109381215258
18,85,6,74,3,2,67,68.24191572141123
17,92,6,93,4,4,72,71.0062007057958
19,76,6,68,2,3,65,66.1243248944007
19,68,6,66,2,3,65,64.44714127770835
9,89,7,91,1,3,67,66.3411454459985
23,97,8,57,2,1,72,70.58508075975502
20,67,7,76,0,4,63,64.15061536011228
20,83,6,97,2,4,68,69.31476144493503
16,94,8,85,3,2,68,69.89916955999868
28,67,7,51,2,3,67,66.14309585351339
26,64,7,62,3,2,66,65.83056291731064
29,67,7,72,0,3,65,66.45071739860884
30,71,9,95,1,4,70,69.19447037702615
17,68,6,97,2,3,65,65.32733363903591
18,79,9,58,3,3,65,66.35405488656977
15,71,6,69,2,4,65,64.15539183242188
12,74,6,55,0,3,63,62.09008508502374
24,86,7,88,1,3,69,69.9922056081257
26,76,7,74,4,3,70,69.40295787379551
25,78,7,86,1,3,68,68.60744448303592
15,94,8,60,2,4,66,68.22196915773192
21,73,6,99,1,5,65,67.37741163656035
20,72,8,93,4,2,68,67.58322751404191
30,98,7,76,1,3,74,73.55362694510245
9,78,6,87,0,3,65,63.516446763094905
18,82,5,85,3,4,71,68.4827205725728
22,76,9,87,2,3,65,67.81214145515244
17,86,7,61,2,3,66,67.15787069871652
24,77,10,53,2,4,68,67.10154205414499
17,63,4,92,2,4,63,64.30278628069445
30,69,7,66,0,4,68,66.99791385393699
17,68,9,57,2,3,63,63.34958584345006
28,92,5,96,1,3,72,72.78521988901322
16,77,10,69,1,3,64,64.88702431934
26,99,4,91,2,4,75,74.00932228844826
23,73,5,60,1,2,67,65.72028087031624
16,100,8,63,2,3,69,69.70050495640886
13,70,7,80,1,4,63,63.374817199611556
15,85,4,72,4,4,69,68.10233047859722
30,86,8,52,2,2,68,70.36224068158197
26,77,4,70,2,3,65,68.52188536106542
13,97,7,70,1,4,71,68.24371914720876
23,62,4,94,0,3,64,64.83409772540722
21,78,10,60,3,5,68,67.38420870721865
17,67,8,82,0,4,65,63.52777782422648
13,70,6,81,2,2,66,63.65449832614138
14,82,7,52,3,2,66,65.40989675254983
24,60,6,73,1,5,66,64.45410736043272
30,99,5,70,2,4,74,74.15744192596159
11,73,7,67,3,5,63,63.88901002992968
18,97,8,95,1,2,72,70.57286104010927
30,96,4,74,0,3,69,72.66219636598106
27,82,9,67,1,2,68,68.88478122950721
23,91,10,62,1,3,70,69.37283076339553
11,64,8,75,1,3,60,61.194888076400986
21,69,10,92,2,3,65,66.34205768974982
15,96,7,54,0,3,65,67.24329657992628
12,85,7,54,4,3,66,66.14435582091753
17,97,9,63,2,2,70,69.22763905827411
17,87,8,92,3,2,68,69.1375749923071
27,67,10,71,1,3,67,66.21985891740586
23,68,9,55,1,3,65,64.52097945508095
23,98,7,52,2,4,71,71.00373315244127
16,64,5,65,3,4,65,63.39169377954359
17,91,8,66,3,2,69,68.70016653283447
28,98,7,86,2,2,75,73.78733414409702
22,70,6,82,1,3,65,65.98760052932793
20,99,6,91,2,4,70,72.19653598653497
10,64,7,64,0,4,60,60.06577980956925
23,76,8,98,0,2,69,67.53363267539957
24,72,8,88,3,2,68,68.02799833493225
20,86,8,89,1,3,69,68.84064923474497
30,72,8,84,1,1,68,68.4735872993661
17,100,8,63,1,5,71,69.78963126680907
24,61,10,64,0,3,62,63.3361549499698
29,71,6,86,1,2,69,68.27876487283909
16,88,5,94,4,6,72,70.28415723877816
18,70,4,56,1,4,65,63.79008422578791
14,89,6,82,2,4,69,68.03833626639411
11,75,8,89,2,4,65,64.66396843645087
17,95,5,62,1,3,69,68.55525673369274
22,78,7,54,1,3,65,66.2178803945171
24,99,4,92,2,3,72,73.32907326520905
14,79,6,59,5,3,68,66.29624681703996
19,65,8,54,0,3,62,62.251033691637915
17,76,7,87,1,4,68,66.06232085902265
20,92,5,86,0,2,68,69.3419611555679
12,71,8,65,1,2,62,62.2568865105497
17,67,6,59,0,3,61,62.356402676206955
26,97,5,79,2,3,71,72.87475580336118
2,67,6,73,1,2,58,58.97765456108215
31,71,7,66,3,1,67,68.72388108636822
36,71,6,56,2,2,69,69.39656703833032
24,80,7,69,0,3,67,67.41865788535564
32,100,5,67,4,3,74,75.63292452646567
34,61,6,67,1,2,68,66.86461986854165
20,82,8,85,1,3,66,67.86027961886337
25,85,8,50,1,1,70,67.97649044158021
13,77,10,55,2,3,63,63.83674987566121
30,91,9,62,3,4,73,72.56882278923003
21,84,7,97,2,4,67,69.77589139518054
34,91,7,95,1,3,70,74.23641108236022
23,95,8,94,1,4,73,71.8773745777849
20,79,7,91,2,4,66,68.21074761454751
20,75,6,59,2,1,64,65.50825421017991
20,94,7,69,0,3,65,69.01863180603233
13,89,6,98,0,4,67,67.5248164823921
19,92,7,89,0,2,69,69.13306511920283
15,67,7,86,1,3,66,63.507055084299175
23,74,7,76,1,2,67,66.6160109596658
35,64,6,85,2,2,68,69.08983140936002
25,70,7,51,3,4,66,66.49061389192158
17,65,5,62,2,4,63,63.25154879877512
17,68,7,99,1,1,65,64.61877708319122
14,96,9,69,0,3,66,67.60151177370288
35,67,6,77,1,3,71,68.95929716989306
33,67,6,86,4,3,71,70.26565400817677
24,67,9,86,2,2,68,66.42656564683921
19,81,8,96,0,4,69,67.54391646301715
24,72,7,82,2,4,67,67.57027221480803
17,67,10,71,1,3,63,63.295634001380265
10,89,8,69,3,4,63,66.6846472479933
19,61,8,84,2,4,66,63.997388136292045
22,91,4,81,2,3,68,70.64171124270533
20,89,6,74,1,3,66,68.78351095374158
27,96,7,84,1,3,74,72.65876735413872
4,84,6,70,5,4,65,65.02370284514978
23,76,7,96,2,4,68,68.73081203087179
16,85,7,85,1,2,66,67.1705514237653
34,93,6,93,2,4,77,75.1979705985762
26,69,9,55,1,3,66,65.59608006468054
22,74,6,73,3,4,71,67.47350855435698
15,76,9,76,1,2,67,64.61404594413122
9,87,6,64,1,2,64,64.55594127553228
20,62,8,79,2,1,62,63.82335748915642
17,99,5,67,2,4,69,70.2141717275929
18,66,7,89,4,3,65,65.79413563073291
27,64,7,77,3,4,68,67.11720106501546
18,69,6,84,2,4,65,65.34588207532282
30,94,8,52,1,4,71,71.741609578715
18,77,10,85,2,3,68,66.71664040902822
30,61,10,64,4,2,69,66.90251778888266
12,77,7,85,1,3,62,64.56085968823226
17,97,9,96,0,1,71,69.66728603269611
18,87,5,84,2,4,71,68.93600417772642
11,93,6,72,2,3,66,67.33714532975682
21,80,7,75,3,2,69,68.14815111528878
12,95,4,82,2,3,66,68.5560781350259
15,60,7,91,0,2,59,61.72723337780798
22,82,7,68,2,4,70,68.30212881102352
18,65,6,53,1,3,63,62.458226082782346
1,69,6,97,1,3,61,60.35778410855938
23,71,8,50,0,2,64,64.27602208087322
24,98,8,66,2,1,71,71.50066980875576
22,67,6,71,1,4,64,65.01691247320153
29,76,8,96,2,2,94,70.17089468591301
24,91,9,76,1,4,70,70.49867200885826
21,83,6,81,3,4,71,69.33965842930954
17,78,6,88,1,3,68,66.39170876472137
22,93,9,79,2,2,73,70.65456728397479
12,65,6,64,1,3,61,61.22354309413021
24,95,8,86,1,3,74,71.64905960674709
16,92,9,71,2,2,66,68.32412504613971
22,80,7,63,1,3,69,67.0388800867072
15,86,9,68,0,3,67,65.86834364820773
16,62,8,74,2,3,62,62.70269779527898
17,83,8,69,4,3,67,67.89056537087461
20,84,10,62,1,2,67,66.9680680358318
16,71,9,69,1,4,65,63.871814495950005
24,70,7,71,1,4,65,66.16613118463344
22,66,6,63,1,5,64,64.5836684941944
26,60,7,94,3,2,68,66.5515269918541
13,84,8,58,2,3,66,65.42161097903805
31,61,4,79,0,3,65,66.26675548575867
15,81,7,90,1,2,68,66.32309273888742
18,96,10,65,3,2,71,69.87624407692023
19,65,5,65,1,6,64,63.7748754083133
27,92,7,81,0,1,70,70.95170758938292
13,60,6,66,1,5,61,60.90664506855525
31,76,9,91,1,4,72,70.28702146587443
19,63,7,94,1,3,64,64.2634866649695
18,83,5,80,1,2,70,67.18168514379215
20,80,7,58,0,2,65,65.58645264876962
19,77,9,57,4,3,64,66.69217463903752
29,76,9,72,1,3,69,68.66158705906574
24,81,6,61,3,3,69,68.73341094175132
18,79,6,96,3,3,69,68.23728414379869
12,75,7,58,3,4,66,64.00910205929725
17,82,7,59,3,4,68,66.90330573003197
19,81,7,100,1,5,68,68.39336532472012
19,99,8,79,3,4,70,71.7673737121203
19,98,5,76,2,3,72,70.88385368939979
20,94,7,89,0,1,68,69.67849057117665
23,60,8,69,1,4,66,63.77173313060574
13,97,8,81,3,1,68,69.28370110364031
10,81,7,85,1,2,63,64.62468393498226
17,79,8,84,0,2,66,65.71096736166136
16,86,8,63,2,4,67,67.07350437853452
24,88,6,87,1,3,72,70.36973828468005
24,83,7,52,1,4,71,67.84003582253746
30,78,10,97,1,2,70,70.35936856435244
12,70,5,53,2,3,63,62.2106052829031
16,67,6,88,0,3,65,63.434498990780135
18,79,7,79,0,3,65,65.9388824927331
21,65,6,91,1,3,67,65.13134578637202
29,96,8,95,0,2,75,73.10305251331798
19,86,8,78,2,4,69,68.6596608910193
30,88,9,91,3,3,73,73.20317888181742
16,83,7,60,0,1,66,64.96211731587952
25,70,7,79,3,3,68,67.67121011970626
20,92,10,69,0,2,67,68.39292519878899
19,94,4,76,4,3,68,71.0988924256361
26,72,7,72,2,4,65,67.6825245062284
35,86,8,59,2,2,70,72.15516802384408
12,96,5,88,0,2,70,67.88843230027209
19,97,8,98,1,3,71,71.14972464845982
23,73,10,85,1,3,67,66.8987975282458
19,99,8,84,0,4,73,70.53780165913011
23,94,9,61,0,1,68,69.17424715668912
30,79,7,78,3,2,72,70.72389821245531
19,71,7,99,0,4,65,65.73648859878232
19,96,5,67,4,1,72,70.75477297803955
24,73,7,70,0,3,68,66.08108521099065
30,73,8,100,2,2,72,70.0588548498537
25,70,4,72,0,4,65,66.10456717423388
20,100,8,91,3,3,72,72.68207725944389
18,69,8,65,4,4,65,65.36695020788892
20,98,6,64,1,3,72,70.09141647508416
15,78,5,73,0,1,64,64.35315100193544
22,65,7,95,3,2,65,66.41826196858196
13,71,10,99,0,3,64,63.751913311507465
19,87,7,75,2,3,67,68.60217858521219
18,92,4,88,3,2,69,70.34662878575128
27,71,9,51,3,1,66,66.78705072998294
18,74,6,85,4,3,66,67.21688930850337
26,88,10,67,0,3,65,69.40427238009228
10,97,8,72,0,3,67,66.80055842576897
19,67,8,96,1,3,64,65.12021206634518
20,65,6,74,0,3,62,63.54689291910789
39,78,6,73,0,2,70,71.48482843346046
20,73,7,91,1,2,66,66.24979938774331
15,84,9,67,1,3,65,65.91404090907292
21,81,8,61,3,5,66,68.08321873307085
22,73,9,72,3,3,66,66.99837581272709
18,71,7,80,1,4,63,65.03476279241627
28,94,5,80,2,2,71,72.77069734215642
7,73,7,75,1,3,64,61.834821999267035
26,82,9,74,2,5,68,69.83978634941923
8,80,6,86,2,3,64,64.54967687115277
22,70,8,75,0,3,68,65.10991149315316
30,94,5,52,3,2,70,72.5209055879918
22,75,8,84,3,3,69,67.9902789886016
23,97,9,96,2,4,74,72.82705650920424
21,85,6,74,2,4,71,68.91588701501654
9,69,7,80,1,3,61,61.86463078919682
21,65,5,98,2,4,66,66.12257245561041
28,76,9,91,0,3,68,68.77846788222665
21,87,7,65,2,3,67,68.71443087663258
17,81,6,82,3,4,67,67.82156146249392
22,84,5,95,2,3,69,69.88938339151153
15,92,7,51,1,3,69,66.7988090328507
23,60,9,56,0,4,61,62.639614155509086
23,93,6,97,1,2,70,71.39641084960927
22,87,7,75,0,2,70,68.35953715155225
26,68,8,90,4,3,70,68.54731542616673
25,75,8,96,1,0,68,68.02942216665818
14,94,7,85,1,3,66,68.50886796290008
16,80,9,58,0,2,63,64.35851133006143
12,68,6,52,5,3,63,63.20442246687438
20,72,7,84,2,2,65,66.20977416832957
14,98,7,98,0,3,68,69.4259482017604
20,64,8,80,1,3,65,64.06298684671638
24,90,8,99,0,3,72,70.78564163248011
17,62,6,99,2,3,62,64.23485336864132
19,83,8,54,1,4,66,66.44331622673263
13,66,9,51,3,2,63,61.84663348280007
29,86,7,52,1,3,68,69.75298437571345
21,97,6,80,2,4,72,71.57344024759047
20,65,6,94,1,2,64,64.83803779309231
12,88,6,72,2,2,64,66.49773883818719
24,79,7,81,0,2,69,67.64527267149282
18,63,7,84,1,2,66,63.355808172369635
30,75,4,79,0,4,67,68.88666019045561
17,63,8,59,1,1,62,61.71011496594368
13,82,6,60,1,4,64,64.83275510969415
22,91,8,95,1,2,70,70.55555219776797
21,95,4,55,2,1,71,69.626553673205
20,66,9,72,1,1,64,63.76612666829831
18,97,7,79,3,3,71,70.9657473178703
20,83,7,100,4,3,68,70.26199586636395
17,73,9,68,2,3,63,64.85860347837288
24,79,7,60,0,3,65,66.79549132795745
32,98,5,89,2,3,76,75.2997165795532
11,87,7,92,1,5,67,66.86291004722341
17,85,6,69,1,3,65,66.87861459387383
16,93,7,60,1,1,66,67.42907146342628
24,73,9,71,0,3,64,66.07009312787117
29,100,8,100,0,5,72,74.55867132601577
15,88,6,95,2,4,70,68.7472961225249
9,76,6,78,0,4,60,62.83811038011738
15,89,8,96,3,3,69,69.2800966646123
21,93,8,80,0,1,71,69.31862082923205
32,84,8,64,1,3,71,70.77257113492999
14,77,7,99,2,2,64,66.15329393035096
20,68,6,80,4,4,65,66.52110244627715
24,93,8,56,1,3,69,69.83561526180904
13,69,5,68,0,1,59,61.75151145971065
20,89,9,82,2,3,72,69.56283087834997
21,94,7,73,2,3,71,70.47733697360383
21,79,8,87,1,2,69,67.51105793523453
28,73,7,93,2,3,68,69.31498396776082
10,92,6,59,0,2,64,65.11261029557457
27,62,6,79,0,3,62,65.2366473018424
20,87,5,84,2,3,68,69.37818585171897
25,72,6,59,2,3,66,66.6621938822421
26,99,8,67,4,4,73,73.73584272282405
24,69,6,96,4,4,70,68.6447738543349
19,99,8,88,1,3,71,71.07279822625894
28,65,5,59,2,5,67,66.46908170808044
13,100,8,54,0,3,68,67.42065845973988
23,99,6,59,1,3,68,70.93022073879139
29,79,5,89,0,3,72,69.68637394444393
30,98,7,96,1,3,77,74.49881232867193
18,91,8,82,3,2,70,69.74873733129262
17,88,8,94,5,2,70,70.40717226471101
16,86,6,62,1,4,66,66.59587366202646
15,83,4,98,3,3,68,68.3041190988136
14,62,5,64,2,3,61,61.732637148736046
13,61,8,89,4,4,62,63.456395131824095
30,98,10,61,0,3,72,72.26873807935091
26,79,8,52,1,3,68,67.46175928121333
18,94,7,70,2,3,69,69.45829169126074
15,70,8,63,0,4,61,62.63850613100614
36,89,8,62,2,3,72,73.32553103657042
24,91,6,59,0,4,69,69.29401866164362
27,64,6,56,0,5,65,64.83067699874651
27,81,7,77,2,2,69,69.7064149384255
19,92,7,55,1,5,66,68.44286269439998
24,88,6,94,0,2,69,70.06926706008926
18,78,7,54,4,4,65,66.65672213620199
15,71,7,78,0,3,63,63.431690670411555
21,74,6,70,2,3,64,66.40802214637891
22,71,8,60,1,4,65,65.23014169910807
24,74,4,95,1,4,71,68.17906321253143
28,77,9,54,1,3,70,67.71633085704258
20,84,5,96,1,2,65,68.72051156864478
7,99,7,67,1,4,66,66.74307265964184
26,70,6,81,0,3,66,66.62140842693218
23,76,7,93,0,6,68,67.89711524250649
13,85,7,84,0,5,64,66.18539180778937
18,96,9,63,4,3,70,70.44213732355236
31,84,5,87,0,3,71,71.16586606325171
8,100,8,92,1,3,70,68.24302103013662
26,62,6,59,1,3,63,64.48766222629789
14,94,7,74,1,5,70,68.27434262036203
15,67,8,89,0,4,64,63.27374772527068
19,93,7,83,1,3,69,69.67862874776401
27,67,6,90,2,3,67,67.72291053602027
13,71,7,86,2,3,65,64.20216543988927
21,71,7,58,1,3,64,64.72966303608496
16,78,9,90,3,3,66,67.08367338228388
23,90,5,53,2,2,70,69.24125207715716
22,67,10,55,1,2,65,63.85893484332491
16,94,8,58,2,3,67,68.27720980176495
32,87,4,91,2,2,74,73.10453300213538
13,99,6,75,1,4,68,68.90480743883396
17,86,6,62,2,4,66,67.37691895325655
21,98,7,95,3,1,72,72.5116696159003
15,76,5,79,4,4,69,66.62352147357026
32,95,9,58,2,4,75,73.26734043526143
22,91,10,51,2,3,69,69.04917911045729
23,71,9,75,1,2,63,65.91700093381361
29,73,7,76,2,3,68,68.80399888332933
16,86,7,94,2,3,69,68.4250040900036
15,95,9,62,2,3,69,68.34253184551925
22,97,6,54,2,2,70,70.35179512212756
20,77,8,55,1,3,64,65.45333586954955
19,69,6,67,4,4,66,65.81214259014637
18,95,6,94,6,3,73,72.77396416099508
22,71,8,63,2,2,66,65.57521568784585
21,68,5,66,2,3,64,65.06111193706245
26,80,4,91,1,3,67,69.61920661856162
18,96,9,80,1,3,72,69.77967650070384
5,84,8,93,4,3,68,65.71355106671919
17,100,5,53,1,4,70,69.26175229425867
9,94,6,66,0,3,66,65.68933226701773
19,75,8,52,0,4,64,64.27750981041278
16,100,7,52,4,4,71,70.32968758006226
23,97,6,99,1,3,72,72.4249252363465
22,77,7,72,2,3,67,67.35933690456521
30,73,7,68,0,2,67,67.59843831303648
16,70,6,79,0,3,64,63.60266497254964
27,90,7,92,0,3,72,71.36121989918745
22,71,7,98,2,2,65,67.25841578524141
24,67,8,89,2,3,68,66.74013243973617
20,64,8,82,3,3,64,65.13475098432838
13,70,7,100,3,3,65,65.1545848732235
27,76,8,67,1,4,69,68.0122347153298
7,62,8,51,0,3,58,58.006686580496016
17,64,7,80,3,4,66,64.3347539565253
26,83,4,97,2,4,70,71.12754774684834
4,73,5,97,1,1,60,61.77018318025857
25,76,7,79,2,2,69,68.2269228196177
16,63,6,73,0,4,63,62.076940723147914
11,70,7,95,0,5,65,63.15290176366861
16,76,7,88,0,2,65,65.0432082185459
17,77,6,67,1,1,64,64.91610435875634
9,78,7,98,3,2,64,65.33037813757912
19,87,6,50,3,2,68,67.79578202231427
17,68,8,70,2,4,64,64.13574532813176
28,64,8,78,2,3,66,66.79647104080743
18,72,8,79,1,4,65,65.15621098188076
21,92,8,51,0,2,66,67.89293219747698
28,64,7,78,3,4,69,67.4568828257965
24,84,6,99,1,2,70,70.00285366644147
21,95,9,70,3,3,71,70.9637637481899
25,75,7,66,0,4,68,66.72280020467574
21,93,6,87,1,2,70,70.33897317461941
12,93,6,59,2,3,67,67.01519732203923
20,80,7,59,2,3,65,66.75362082641571
12,82,10,77,0,4,66,64.73861468990222
26,98,10,54,0,1,71,70.48290661026621
20,67,6,67,1,2,66,63.957703794857366
16,76,8,84,1,4,66,65.5989948837357
21,84,6,52,2,5,68,67.82101326751078
24,67,6,90,0,1,64,65.5830708435324
14,90,8,86,4,2,99,69.05887410643186
18,74,6,78,0,2,65,64.7889199165314
19,61,7,74,2,3,62,63.411257811443704
11,75,9,77,1,2,64,63.29378211210754
21,95,9,75,1,2,69,70.08015118561465
29,63,8,94,0,2,69,66.52729979600602
13,73,9,59,0,4,63,62.428997799313926
13,91,9,71,1,2,64,66.7604016369126
14,61,5,82,0,0,58,60.980235332263874
13,99,7,81,0,4,71,68.6706145781283
18,77,6,61,1,3,65,65.21029785371323
10,67,4,65,3,3,61,62.1171206012404
14,69,6,55,3,2,62,63.00896948393922
29,94,7,79,6,4,76,75.1974270292178
17,63,10,93,0,2,63,62.9127192752989
23,65,6,67,3,5,65,65.84454052697397
24,96,8,75,1,1,72,71.04171416215065
17,77,9,67,0,5,62,64.91075776753222
22,72,9,64,1,2,66,65.30255961603976
10,73,8,72,1,2,62,62.39852268117774
10,62,6,87,2,3,61,61.62078469728173
21,82,9,58,0,2,65,66.21629005765809
21,85,8,50,1,2,65,66.94946378438256
8,85,9,54,1,3,62,63.450546103326786
24,71,5,64,1,3,66,65.94873747826142
23,97,7,95,0,4,74,71.86080299306867
17,94,6,80,0,1,69,68.40501534991168
25,92,4,93,3,2,74,72.62988257286155
14,72,9,53,4,3,65,64.05185943035121
19,64,7,56,0,4,62,62.31950808056449
18,80,8,77,1,2,64,66.35903090343405
11,97,8,83,4,2,68,69.42466076763225
20,63,9,53,1,4,60,62.70269107716928
18,83,5,66,0,4,69,66.31675919409116
24,96,6,93,2,2,94,72.58191846850121
15,75,4,74,3,4,68,65.72989486940742
3,60,5,76,0,4,58,57.852852411623275
21,66,7,63,0,3,64,63.48817090839019
23,63,9,79,0,4,63,64.32007675098976
17,71,10,53,0,3,61,62.74767689570791
23,96,6,93,5,4,72,74.04069099420639
15,97,6,63,2,3,69,68.87283441272848
18,79,4,69,2,3,67,66.53091242865032
12,73,5,60,1,4,62,62.788960081113245
12,80,9,71,1,3,60,64.43447797181145
25,65,5,90,2,3,68,66.77152495938029
24,80,7,53,2,4,67,67.78241848696769
18,89,5,72,3,3,69,69.11051870758354
16,70,8,98,2,3,65,65.41958533389773
18,95,7,87,5,2,74,71.78273749175669
27,98,6,93,0,4,72,73.16293323206287
24,98,6,93,2,4,69,73.26291135651023
14,78,7,76,0,2,65,64.28691827478295
18,78,7,67,0,3,64,65.17393812779949
24,80,9,62,3,3,68,68.49546004769094
25,88,8,63,2,3,71,69.95830976332883
17,82,10,94,1,3,66,67.35009421436402
14,79,6,70,1,6,65,65.28959750713082
18,64,6,51,2,1,62,62.36917059083584
18,88,8,96,1,3,69,68.982285405373
28,61,7,80,2,4,67,66.46927916015015
17,99,8,62,3,3,70,70.23645784366855
19,77,6,54,3,2,66,66.00648775110892
24,70,10,69,1,2,64,65.69890899940442
11,99,7,52,0,5,69,66.85791409796002
25,98,8,56,0,3,71,70.6285806277437
22,93,6,67,0,3,68,69.34025079223755
20,70,9,69,2,3,66,65.18963081798327
22,81,7,87,0,2,67,67.7396495729424
14,78,6,55,2,2,63,64.30084489743902
20,70,6,79,4,4,67,66.86950944668254
25,94,8,96,6,3,74,74.65935565348008
21,74,5,52,3,1,66,65.78977715851772
24,66,8,81,1,4,65,65.81826566110152
14,89,9,96,2,3,66,68.46992569723325
18,96,7,56,2,1,69,68.9070015739208
29,77,10,91,2,4,70,70.35950674093978
15,92,8,69,1,4,68,67.76301351112681
19,75,7,65,0,4,63,64.92100598588192
23,94,9,75,3,2,69,71.44440863328289
15,76,8,53,1,4,65,63.84153504760046
19,96,5,86,3,3,69,71.44940291122819
15,94,7,84,0,2,68,68.12274507648407
17,93,8,87,2,3,69,69.74231796475132
22,85,4,79,1,2,68,68.72890778675674
23,68,7,92,3,4,65,67.44773267545003
23,78,7,84,0,3,66,67.43945816184633
10,86,6,91,2,3,68,66.5578170090018
25,70,8,73,1,2,65,66.23861992001883
18,87,8,57,3,4,66,68.06124968108824
34,75,5,66,0,3,68,69.27019067218414
15,94,6,77,3,4,70,69.57225088569145
24,94,7,63,1,3,70,70.39338895699925
19,91,9,84,2,3,71,69.7605931946882
12,80,5,72,1,4,65,64.7409032547984
18,96,7,88,1,3,70,70.21600200642959
21,88,9,75,1,2,67,68.69531924207119
22,88,5,60,1,2,67,68.39535540059254
19,91,8,74,4,2,69,70.1517084690949
25,84,5,64,0,3,67,68.32436792253148
18,66,4,86,2,4,66,64.90515256160194
12,68,7,98,1,4,65,63.53739528363768
15,81,8,52,0,2,65,64.00949203432893
12,99,7,66,3,1,67,68.70718152009347
28,83,8,61,1,5,67,69.54859684461756
23,90,5,78,1,3,70,70.07677431620405
20,62,6,80,1,3,62,63.72557192943049
28,89,6,75,1,3,68,71.17015015574053
27,94,5,77,0,2,71,71.35925144376341
32,84,8,87,2,1,70,72.06283050723725
32,62,7,86,0,2,67,66.85778565874296
29,65,4,92,0,4,66,67.23027685025397
8,65,10,74,1,5,61,60.69526973333397
27,97,9,69,1,2,70,71.94679678974302
26,73,7,72,1,3,65,67.24907153218024
23,97,9,84,1,3,71,71.62865917022246
20,83,8,66,1,3,67,67.16018663926431
35,91,10,63,1,5,72,73.21448655022986
24,60,5,69,1,5,64,64.29419595986779
14,73,5,98,2,4,65,65.65828009272789
20,62,6,92,2,3,63,64.78130595919968
27,99,7,58,2,2,71,72.36948525028912
32,93,6,98,0,4,73,73.87217636200842
22,91,8,76,2,3,71,70.28891219221707
15,60,9,65,1,5,60,61.356853754134974
21,78,8,91,1,5,67,67.93025180479424
17,86,4,60,2,3,67,67.19798845798496
16,84,7,86,1,2,67,67.01997755815185
24,68,6,84,1,4,66,66.41396109051873
26,77,5,100,1,5,70,69.7072415790683
24,71,8,65,1,2,65,65.7659564097804
27,90,9,52,2,2,86,70.24718006979302
14,68,7,76,2,3,65,63.428495835331326
18,80,7,57,2,3,66,66.07425730485365
31,80,6,57,1,3,72,69.41625257220836
18,89,7,52,1,3,69,67.12983637246107
24,63,8,78,0,3,64,64.45170234035022
24,89,9,53,1,3,68,68.87337923895696
21,81,4,51,0,2,67,65.83327041936171
17,82,7,88,1,1,66,66.86858900931493
25,76,4,78,2,3,68,68.40970388809873
26,97,8,85,2,3,71,73.07093438998511
19,66,8,59,1,2,65,63.03112266273715
27,88,7,56,2,4,70,70.38412884764617
21,76,5,78,0,3,65,66.23364264628448
13,98,5,89,1,3,70,69.25506643947706
21,71,9,55,2,1,67,64.73293005745396
11,95,5,95,1,3,69,68.36027766696701
14,68,6,65,1,3,63,62.44914675088957
10,77,7,84,2,1,64,64.13205161705103
22,75,6,63,1,2,67,65.93617677968398
32,97,5,82,1,3,74,74.28244576088443
18,69,8,54,1,2,65,63.09590322961799
16,78,4,78,5,3,68,67.63943613214211
26,94,5,53,0,2,69,69.93260649187748
17,74,8,58,1,2,63,63.981683488688944
22,92,8,82,2,5,72,71.05562756050499
21,95,7,78,2,2,69,70.76880314507554
31,65,7,71,1,4,65,67.22392295189174
24,89,6,63,2,3,72,69.92197175881613
19,62,6,79,7,2,66,66.174963657202
29,78,7,96,5,4,72,72.34688164895356
17,78,7,86,0,3,63,65.77944175058792
27,80,10,71,4,2,72,70.11489475937086
18,78,8,77,2,4,66,66.73731405190287
9,77,7,57,2,3,61,62.84895547605484
22,95,7,59,2,3,69,70.30596283149968
19,70,7,66,1,4,64,64.46772238072829
20,85,5,75,1,2,67,67.92590005068875
15,68,6,55,0,3,62,61.78035375107987
20,69,7,97,3,3,68,66.86193137211407
33,70,6,82,1,4,69,69.34691124616866
20,90,7,74,0,3,68,68.463595612757
21,80,7,92,1,3,67,68.11697640128038
20,87,6,75,0,3,68,67.94648115370869
14,88,7,66,4,3,69,67.8898114386401
21,86,9,86,2,3,71,69.45079104229065
24,83,6,85,1,4,68,69.42871738157606
21,77,7,90,4,3,68,68.89482685743022
19,73,6,64,1,3,65,64.8531656136835
13,65,6,73,0,3,62,61.45267620871151
10,69,5,65,0,3,60,61.01779279579271
17,100,5,76,3,3,70,71.18329777540603
28,87,8,95,2,3,73,72.15004071705573
22,87,5,80,2,3,70,69.7739937582102
24,69,5,83,3,3,66,67.42824292232362
20,66,6,83,2,3,64,65.14730507576112
15,95,9,58,2,3,69,68.15349476880534
19,75,8,83,2,2,68,66.43446613577535
19,89,5,60,4,2,69,69.18178945945935
31,68,7,86,1,3,68,68.38364808473204
25,75,7,82,3,4,68,68.94481691041388
24,65,7,55,1,3,63,64.27815389460568
18,73,8,88,3,4,65,66.75662313853398
28,93,7,79,0,4,74,71.7754346050582
19,93,8,68,1,3,72,68.94061403393793
13,82,7,82,1,3,65,65.700670046259
18,85,7,69,2,4,68,67.77319751816752
23,97,9,94,2,3,73,72.58987466163472
24,80,7,60,1,3,68,67.4819472623769
17,72,8,96,2,3,65,66.01315555672718
12,81,5,68,0,2,62,63.97574989482375
18,88,8,87,2,2,68,68.90291147318169
20,87,7,99,3,3,69,70.51744633672564
21,96,5,71,2,4,70,70.97939936634126
21,69,9,80,2,5,68,66.08939875418227
20,81,4,55,1,2,68,66.21850780410057
15,65,5,93,2,4,63,64.13174116010269
21,63,6,77,3,1,63,64.76596872911944
22,79,9,94,1,3,68,68.24783294415002
23,68,8,68,1,2,65,65.02181232133749
27,91,5,87,0,3,69,71.38100804038496
24,63,7,91,4,4,67,67.19235302354201
22,72,7,88,2,4,66,67.26898284667375
22,66,8,95,3,3,67,66.7296327364375
24,62,8,56,0,2,63,63.071501974419306
24,86,8,98,2,5,71,71.20962204181414
17,91,7,62,3,3,68,68.68291844148214
23,92,7,72,0,4,69,69.78467412800417
15,98,6,58,0,3,69,67.857125602373
16,77,8,74,0,2,65,64.55028590869021
18,84,9,68,0,2,66,66.20728154421899
18,74,8,72,1,2,65,64.93573574879014
22,77,7,74,2,4,67,67.59651875213474
22,61,6,84,0,2,64,63.67033474571747
8,64,7,82,0,1,61,59.90361174393892
22,70,5,61,1,3,63,65.02428155272897
34,87,6,69,3,2,72,73.08004551074364
18,91,5,76,1,3,68,68.71797645462624
30,81,6,76,0,3,72,69.73096653016121
18,90,7,65,4,3,69,69.40790840545571
14,80,6,61,0,4,65,64.28814780126382
16,85,5,86,3,2,67,68.25330764449677
15,62,7,74,0,3,61,61.46215538057035
26,71,8,99,1,3,67,68.1002798542662
18,65,6,60,0,3,62,62.300418167404146
26,75,6,72,0,3,66,67.18524067828554
17,87,4,68,2,4,68,67.91655905541725
29,80,6,71,0,3,70,69.00441455787436
24,94,8,80,1,4,70,71.31033416609691
21,88,6,91,0,4,70,69.33554839617133
12,64,5,67,3,2,59,62.03119573306514
23,84,6,78,2,2,68,69.20660932171847
27,80,5,94,3,3,69,71.00152684080567
20,84,10,63,0,4,69,66.81203112380791
12,83,8,61,3,5,66,65.84708257823166
13,65,6,99,0,4,61,62.82408051656439
31,69,7,60,1,3,68,67.35274022088365
23,76,6,85,2,3,66,68.09742243684498
16,95,6,69,2,3,67,69.05314624981804
28,89,9,79,0,1,71,70.49786078595483
13,86,7,80,0,5,65,66.19418786586739
9,74,7,66,1,3,62,62.192166694657814
17,64,8,67,3,3,64,63.54859447184359
23,73,6,50,1,3,68,65.36122581159512
21,90,8,75,4,2,71,70.58597958668656
24,90,7,55,1,2,68,69.0813189551912
24,86,6,68,3,3,70,70.05339149996024
18,94,8,77,3,4,74,70.39126700820117
20,87,8,89,2,3,68,69.52710516916441
20,63,7,72,3,5,63,64.77877745232584
22,79,7,91,0,4,66,67.81834699849759
23,71,5,50,1,1,65,64.70935859973508
18,98,7,90,0,1,68,69.9322373963177
25,92,4,74,3,2,71,71.73195645847056
18,69,7,54,1,4,61,63.41035552419212
28,76,6,71,3,2,68,69.24386461677409
22,72,5,78,1,3,66,66.22335539834685
9,69,7,82,1,2,65,61.816486018341195
29,90,7,94,1,4,73,72.6718695295896
13,93,6,96,2,3,68,69.0562127732453
24,93,8,51,4,2,72,70.92252400558665
20,63,6,94,2,3,63,65.07365763234856
17,60,8,50,0,4,63,60.630649266971865
14,86,10,78,3,4,66,67.62791988033608
19,93,7,95,3,3,71,71.22298557716073
5,79,9,89,3,3,66,64.01759984026918
20,64,6,50,0,2,62,62.07217401482002
21,91,9,66,3,4,70,70.1260574415209
28,88,8,79,0,3,71,70.61447994573703
19,99,7,87,1,4,70,71.19732794244202
13,70,5,59,0,2,63,61.666674481108885
6,66,7,62,2,4,61,60.17448317364095
15,69,7,74,2,5,65,64.10955954179401
17,64,7,78,1,3,64,63.12032650970073
16,92,7,76,0,2,68,67.641427145075
17,74,9,64,2,3,63,64.86739953645092
13,99,6,57,1,5,68,68.196803902834
22,63,5,53,2,1,64,63.46467163696008
21,79,7,98,2,1,69,68.40599506276166
30,63,8,97,1,3,69,67.5927862039841
18,94,7,69,1,2,69,68.77974631324216
18,73,8,74,3,2,66,65.8096667516102
16,97,8,60,0,3,69,67.98798214524264
22,99,5,71,0,4,72,70.88807566306454
7,88,7,64,2,4,66,64.91375316902278
25,67,8,95,0,4,65,66.48152825636711
19,93,7,84,5,3,73,71.68037921545256
17,83,6,98,0,3,69,67.36484433083821
22,99,7,65,3,3,71,71.86947378536574
16,92,8,68,1,2,70,67.72285011512575
19,70,5,89,1,2,64,65.32761030570597
19,77,6,77,1,3,68,66.25886865217136
20,72,9,66,3,3,67,65.9321420796592
16,76,5,79,0,4,65,64.96145276666275
18,96,4,93,0,4,72,70.19371589035393
25,65,6,50,2,2,64,64.7093652068798
25,85,5,55,3,3,67,69.56273603359969
25,90,8,83,2,3,73,71.29916141648214
16,68,10,64,2,2,61,63.21618925073526
24,69,7,69,7,3,70,68.66285300003712
21,80,5,84,4,2,69,69.12035868982052
29,70,4,91,2,3,69,69.00676554507757
14,98,7,76,0,2,71,68.24358097062142
15,61,9,52,1,3,60,60.65498977118158
23,68,6,60,1,3,64,64.84465282942023
5,65,7,71,0,2,56,58.846988752172535
11,63,5,85,0,4,62,61.21106517142577
26,63,5,76,3,5,66,66.78060083095303
27,86,8,67,1,4,71,69.99056606324903
22,67,7,72,3,2,67,65.72696504706092
18,66,4,51,2,2,64,62.965751521930216
25,95,7,77,0,3,71,71.05665155226484
18,75,6,100,2,3,67,67.14636588171737
24,71,6,52,2,3,66,65.84112337159829
25,74,9,88,3,3,70,68.82962472918227
20,94,10,81,1,5,69,70.27231542577977
11,71,8,55,1,3,87,61.63453463637498
12,90,6,75,2,3,69,67.17784622451903
25,60,8,98,1,5,67,65.86976022919916
15,69,8,92,0,1,63,63.38320187475222
27,76,9,67,1,4,68,67.98310903918083
20,89,10,91,3,3,72,70.44766142443478
17,98,6,62,1,2,68,68.97696715270696
11,100,8,58,1,3,70,67.51347335287619
21,76,7,80,3,2,65,67.59311492201346
27,79,8,63,2,5,69,69.04798315183177
13,87,4,96,3,3,67,68.41608811641923
19,71,9,94,1,4,68,65.93056370021952
21,74,5,88,1,1,66,66.51386524968774
29,95,7,91,1,3,73,73.37659408680123
27,88,6,55,2,5,67,70.50865856382924
13,74,5,88,3,3,66,65.43705753454745
16,100,7,55,1,2,69,68.72027037028995
15,74,8,60,3,5,66,64.89659257073356
26,84,8,76,5,2,71,71.39697530475382
26,70,8,75,1,4,63,66.9108875684035
16,90,6,90,2,3,69,69.05642522860637
12,83,7,86,1,4,65,65.93778107537486
26,71,7,91,2,3,66,68.2399541766149
18,89,5,72,4,2,69,69.45647819799848
22,98,7,52,3,3,70,71.05727015125366
16,75,9,62,3,4,66,65.30957775012342
19,67,8,55,0,4,62,62.83662253961282
22,77,6,71,3,4,67,67.97248942037581
21,87,6,82,0,5,68,68.85504514798572
17,90,8,82,0,4,70,68.07793992444073
31,91,7,94,2,3,75,73.80050713800159
20,95,7,100,3,2,69,72.00470737502692
21,80,5,65,2,1,68,67.1025236669619
18,75,7,59,0,2,62,64.05970126078336
21,72,6,96,4,2,66,68.07567916547784
22,63,8,83,3,1,63,65.28369548349488
13,61,7,73,2,2,59,61.4668002834373
17,78,8,98,2,2,66,67.15200959462311
27,80,6,65,1,4,67,68.76730006843849
25,96,9,55,2,4,71,71.27643832130002
11,100,9,77,2,3,70,68.87089659074573
21,84,7,51,0,3,68,66.48205610450313
14,77,5,60,1,3,64,64.02247429427348
23,79,6,87,2,4,68,68.92810368879027
26,96,5,63,1,2,72,71.28948825287358
18,64,5,76,1,4,64,63.51914512445687
21,96,5,58,0,4,72,69.38778326776605
20,61,9,54,2,4,67,62.842906876391424
27,66,6,67,1,4,65,66.0921547197085
12,86,5,76,2,3,68,66.46289863067878
10,73,9,58,5,3,61,63.804921744252795
15,91,6,91,0,3,67,68.03184954171917
25,92,9,79,3,4,72,72.10795104204321
22,73,7,70,2,3,66,66.47348582704058
14,81,5,78,2,4,68,66.29575978749381
35,90,7,92,0,4,73,73.84326314122049
23,79,6,70,3,4,68,68.61331891238375
20,76,6,94,2,3,65,67.64548838464357
21,100,5,58,2,2,69,70.87103478776365
9,69,10,92,2,3,65,62.83298779051911
18,93,7,75,1,1,69,68.72280548430851
21,86,5,51,2,2,67,67.77055601642739
23,66,6,80,1,3,66,65.39417194340585
11,97,7,68,0,2,64,66.79040620759403
19,87,8,86,1,4,69,68.74694537961149
33,66,6,59,3,2,70,68.16053449672596
25,62,7,95,1,4,65,66.01011105818398
13,65,7,75,2,4,63,62.6379779793871
23,69,7,62,1,4,64,65.2505421356327
18,94,4,71,3,3,71,70.08155078851365
18,64,9,89,1,3,64,63.874349609968554
20,75,7,71,1,4,69,65.98560689218283
16,94,7,76,2,3,67,69.15700232312645
19,85,4,71,1,3,66,67.61622946773386
27,76,9,55,3,0,69,67.82259017144388
24,63,8,85,1,3,65,65.27114002422707
20,81,6,61,0,4,63,66.2405158856711
12,92,7,78,3,2,67,68.03212411590425
27,90,7,86,2,3,74,72.05490988337164
