Hours_Studied,Attendance,Sleep_Hours,Previous_Scores,Tutoring_Sessions,Physical_Activity,Exam_Score,StudyHours,SleepHours,PreviousScores,Actual,Predicted
31,96,9,65,0,2,74,31,9,65,74,74.00000000000001
13,84,9,94,3,2,66,13,9,94,66,66.00000000000003
27,83,9,76,1,4,70,27,9,76,70,70.00000000000003
20,97,7,94,1,1,72,20,7,94,72,72.00000000000003
17,76,8,95,1,4,67,17,8,95,67,67.00000000000003
24,84,7,65,3,3,69,24,7,65,69,69.00000000000001
17,96,7,84,2,3,72,17,7,84,72,72.00000000000003
15,77,8,85,1,2,66,15,8,85,66,66.00000000000003
19,63,6,98,4,2,69,19,6,98,69,69.00000000000001
25,76,6,57,0,3,68,25,6,57,68,68.00000000000001
13,62,6,90,3,3,62,13,6,90,62,62.000000000000014
24,95,4,63,3,3,70,24,4,63,70,70.00000000000001
27,95,7,52,3,3,73,27,7,52,73,73.00000000000001
25,78,8,91,3,4,69,25,8,91,69,69.00000000000003
22,81,7,77,2,3,68,22,7,77,68,68.00000000000001
25,62,8,77,0,4,62,25,8,77,62,62.000000000000014
12,83,6,79,1,4,65,12,6,79,65,65.00000000000001
31,84,8,98,1,4,73,31,8,98,73,73.00000000000003
10,85,6,53,1,3,60,10,6,53,60,60.00000000000002
11,68,6,91,3,2,61,11,6,91,61,61.000000000000014
20,69,6,65,1,2,64,20,6,65,64,64.00000000000001
27,79,6,90,3,4,73,27,6,90,73,73.00000000000001
22,93,6,52,1,3,69,22,6,52,69,69.00000000000001
28,84,7,81,1,3,71,28,7,81,71,71.00000000000001
28,76,7,67,1,4,66,28,7,67,66,66.00000000000001
23,75,7,68,1,4,64,23,7,68,64,64.00000000000001
32,66,10,77,3,1,71,32,10,77,71,71.00000000000001
26,73,7,53,3,5,68,26,7,53,68,68.00000000000001
16,82,6,91,0,3,66,16,6,91,66,66.00000000000001
22,63,4,86,0,4,64,22,4,86,64,64.00000000000001
17,69,9,96,2,3,66,17,9,96,66,66.00000000000003
12,72,8,67,4,4,63,12,8,67,63,63.000000000000014
10,98,6,65,1,2,66,10,6,65,66,66.00000000000001
29,98,5,88,3,2,75,29,5,88,75,75.00000000000001
19,65,10,58,2,3,64,19,10,58,64,64.0
14,87,7,61,0,3,65,14,7,61,65,65.00000000000001
32,61,7,80,0,4,68,32,7,80,68,68.00000000000001
31,70,7,66,1,3,69,31,7,66,69,69.00000000000001
18,66,6,86,0,2,63,18,6,86,63,63.000000000000014
23,61,9,58,4,2,63,23,9,58,63,63.00000000000001
13,61,7,68,1,2,58,13,7,68,58,58.000000000000014
21,71,8,90,3,4,67,21,8,90,67,67.00000000000003
19,72,5,52,1,2,64,19,5,52,64,64.00000000000001
18,90,7,52,2,2,67,18,7,52,67,67.00000000000001
23,89,10,69,5,4,71,23,10,69,71,71.00000000000001
20,80,5,94,0,4,67,20,5,94,67,67.00000000000001
28,90,8,75,1,3,70,28,8,75,70,70.00000000000003
14,76,7,64,3,3,64,14,7,64,64,64.00000000000001
19,60,6,60,1,2,65,19,6,60,65,65.00000000000001
26,78,7,78,4,4,69,26,7,78,69,69.00000000000001
14,92,9,58,1,2,69,14,9,58,69,69.00000000000003
27,82,6,88,2,3,71,27,6,88,71,71.00000000000001
7,63,10,90,0,2,86,7,10,90,86,86.0
18,67,5,52,0,4,64,18,5,52,64,64.00000000000001
18,93,4,76,3,3,70,18,4,76,70,70.00000000000001
14,81,9,81,1,3,66,14,9,81,66,66.00000000000003
15,76,6,82,4,4,69,15,6,82,69,69.00000000000001
22,72,7,62,5,2,68,22,7,62,68,68.00000000000001
10,87,6,83,0,4,63,10,6,83,63,63.00000000000002
23,85,7,66,0,2,68,23,7,66,68,68.00000000000001
19,69,7,84,2,4,66,19,7,84,66,66.00000000000003
18,82,6,89,0,1,66,18,6,89,66,66.00000000000001
11,78,8,100,1,3,66,11,8,100,66,66.00000000000003
22,93,6,69,0,3,69,22,6,69,69,69.00000000000001
25,81,8,86,1,3,68,25,8,86,68,68.00000000000003
25,95,8,96,1,4,74,25,8,96,74,74.00000000000003
20,76,9,64,2,2,64,20,9,64,64,64.00000000000001
16,74,6,68,2,4,67,16,6,68,67,67.00000000000001
17,87,7,68,1,2,70,17,7,68,70,70.00000000000001
20,65,7,58,3,4,63,20,7,58,63,63.000000000000014
14,88,8,67,2,3,66,14,8,67,66,66.00000000000003
28,69,8,66,0,6,66,28,8,66,66,66.00000000000003
21,93,9,70,0,1,68,21,9,70,68,68.00000000000003
22,79,6,97,3,3,66,22,6,97,66,66.00000000000001
27,88,7,72,1,1,71,27,7,72,71,71.00000000000001
16,74,8,80,0,4,66,16,8,80,66,66.00000000000003
16,82,8,75,2,2,66,16,8,75,66,66.00000000000003
32,84,10,68,1,5,73,32,10,68,73,73.00000000000001
23,77,6,69,1,2,67,23,6,69,67,67.00000000000001
23,94,6,84,0,3,73,23,6,84,73,73.00000000000001
23,86,4,100,0,3,69,23,4,100,69,69.00000000000001
22,61,6,77,1,4,65,22,6,77,65,65.00000000000001
24,76,10,55,2,4,67,24,10,55,67,67.00000000000003
14,65,5,72,3,2,62,14,5,72,62,62.000000000000014
23,64,6,51,1,5,64,23,6,51,64,64.00000000000001
18,61,6,91,3,3,80,18,6,91,80,80.00000000000001
22,86,5,57,2,3,69,22,5,57,69,69.00000000000001
24,93,7,88,1,3,71,24,7,88,71,71.00000000000003
13,80,9,88,1,3,68,13,9,88,68,68.00000000000003
22,92,7,52,1,3,68,22,7,52,68,68.00000000000001
22,94,7,75,2,2,71,22,7,75,71,71.00000000000001
23,71,8,71,1,2,64,23,8,71,64,64.00000000000003
26,98,7,68,4,1,73,26,7,68,73,73.00000000000001
24,78,9,91,0,3,68,24,9,91,68,68.00000000000003
20,89,6,70,1,3,68,20,6,70,68,68.00000000000001
15,100,8,94,2,3,73,15,8,94,73,73.00000000000003
21,63,7,100,1,2,66,21,7,100,66,66.00000000000003
18,79,7,55,1,3,65,18,7,55,65,65.00000000000001
21,77,7,65,2,2,64,21,7,65,64,64.00000000000001
25,74,5,67,1,5,71,25,5,67,71,71.00000000000001
22,87,8,60,2,2,67,22,8,60,67,67.00000000000001
28,99,6,88,3,4,75,28,6,88,75,75.00000000000001
20,70,6,78,0,2,66,20,6,78,66,66.00000000000001
22,64,8,68,2,4,65,22,8,68,65,65.00000000000003
22,95,7,85,0,4,71,22,7,85,71,71.00000000000003
12,72,8,56,3,1,62,12,8,56,62,62.000000000000014
25,84,10,57,4,2,70,25,10,57,70,70.00000000000001
31,96,8,93,3,3,75,31,8,93,75,75.00000000000001
22,71,6,79,1,3,66,22,6,79,66,66.00000000000001
28,79,4,82,0,3,70,28,4,82,70,70.00000000000001
11,63,7,55,3,1,62,11,7,55,62,62.000000000000014
13,76,5,99,2,4,66,13,5,99,66,66.00000000000001
11,98,5,82,1,2,71,11,5,82,71,71.00000000000001
13,60,9,77,2,5,61,13,9,77,61,61.00000000000001
11,85,10,80,0,3,63,11,10,80,63,63.000000000000014
16,90,7,58,1,4,70,16,7,58,70,70.00000000000001
23,68,6,86,0,2,68,23,6,86,68,68.00000000000001
18,95,6,54,0,3,68,18,6,54,68,68.00000000000001
38,90,4,60,2,4,74,38,4,60,74,74.00000000000001
21,95,7,63,1,4,70,21,7,63,70,70.00000000000001
22,63,7,80,2,2,64,22,7,80,64,64.00000000000001
22,97,7,98,0,0,71,22,7,98,71,71.00000000000003
17,81,7,80,1,3,67,17,7,80,67,67.00000000000001
28,76,9,60,1,2,66,28,9,60,66,66.00000000000003
17,98,9,94,0,3,71,17,9,94,71,71.00000000000003
27,81,5,98,0,3,70,27,5,98,70,70.00000000000001
30,81,5,67,1,1,69,30,5,67,69,69.00000000000001
15,69,8,73,2,2,61,15,8,73,61,61.000000000000014
16,63,8,82,0,3,63,16,8,82,63,63.000000000000014
31,68,9,59,3,2,69,31,9,59,69,69.00000000000003
19,98,7,67,1,4,70,19,7,67,70,70.00000000000001
12,70,5,85,1,3,66,12,5,85,66,66.00000000000001
19,86,7,93,1,2,72,19,7,93,72,72.00000000000003
21,84,4,90,2,3,69,21,4,90,69,69.00000000000001
21,89,6,97,1,3,68,21,6,97,68,68.00000000000001
14,84,5,82,3,3,66,14,5,82,66,66.00000000000001
16,93,10,55,2,2,67,16,10,55,67,67.00000000000003
15,95,7,77,0,3,68,15,7,77,68,68.00000000000001
21,63,6,64,1,3,63,21,6,64,63,63.000000000000014
19,95,8,99,0,2,70,19,8,99,70,70.00000000000003
25,65,6,94,1,4,65,25,6,94,65,65.00000000000001
20,94,8,89,1,4,71,20,8,89,71,71.00000000000003
16,81,6,57,3,3,64,16,6,57,64,64.00000000000001
26,69,7,95,1,4,67,26,7,95,67,67.00000000000003
17,64,9,50,2,4,62,17,9,50,62,62.00000000000001
17,93,7,93,2,4,69,17,7,93,69,69.00000000000003
21,85,7,93,0,4,70,21,7,93,70,70.00000000000003
30,85,7,65,2,3,70,30,7,65,70,70.00000000000001
20,81,8,69,1,2,65,20,8,69,65,65.00000000000003
24,85,9,89,1,2,70,24,9,89,70,70.00000000000003
21,83,7,64,2,2,68,21,7,64,68,68.00000000000001
13,63,8,88,0,2,59,13,8,88,59,59.000000000000014
11,94,9,66,2,2,65,11,9,66,65,65.00000000000003
19,81,9,53,2,3,68,19,9,53,68,68.00000000000003
20,95,7,64,2,3,68,20,7,64,68,68.00000000000001
15,72,8,68,0,2,64,15,8,68,64,64.00000000000001
16,66,8,50,1,4,62,16,8,50,62,62.000000000000014
13,74,7,98,0,3,64,13,7,98,64,64.00000000000001
23,62,8,91,3,3,64,23,8,91,64,64.00000000000001
19,79,10,59,1,3,65,19,10,59,65,65.00000000000003
15,63,9,63,4,3,64,15,9,63,64,64.0
19,79,8,92,1,2,68,19,8,92,68,68.00000000000003
16,99,6,76,2,4,70,16,6,76,70,70.00000000000001
15,79,10,79,2,4,65,15,10,79,65,65.00000000000003
29,83,5,99,0,4,73,29,5,99,73,73.00000000000001
32,97,5,97,1,5,76,32,5,97,76,76.00000000000001
20,82,8,79,1,4,67,20,8,79,67,67.00000000000003
30,63,10,76,1,4,67,30,10,76,67,67.00000000000003
12,87,7,62,2,4,64,12,7,62,64,64.00000000000001
11,83,6,55,0,4,62,11,6,55,62,62.00000000000002
11,94,6,88,2,4,70,11,6,88,70,70.00000000000001
17,96,8,97,0,3,67,17,8,97,67,67.00000000000003
27,72,7,79,2,2,68,27,7,79,68,68.00000000000001
22,76,9,76,2,5,65,22,9,76,65,65.00000000000003
24,77,9,99,1,1,70,24,9,99,70,70.00000000000003
20,66,6,90,0,1,64,20,6,90,64,64.00000000000001
29,76,8,60,2,3,68,29,8,60,68,68.00000000000001
20,80,10,84,1,4,68,20,10,84,68,68.00000000000001
18,64,6,67,0,4,63,18,6,67,63,63.000000000000014
20,93,8,68,1,3,68,20,8,68,68,68.00000000000003
15,78,7,81,0,2,64,15,7,81,64,64.00000000000001
15,60,7,63,0,1,58,15,7,63,58,58.000000000000014
10,97,4,83,1,2,69,10,4,83,69,69.00000000000001
22,75,6,56,3,3,65,22,6,56,65,65.00000000000001
20,86,8,94,2,2,64,20,8,94,64,64.00000000000003
25,93,8,56,0,3,69,25,8,56,69,69.00000000000001
23,75,8,87,1,2,69,23,8,87,69,69.00000000000003
12,93,9,74,1,3,67,12,9,74,67,67.00000000000003
27,79,5,58,2,1,68,27,5,58,68,68.00000000000001
14,62,7,63,2,2,62,14,7,63,62,62.000000000000014
25,69,7,52,1,4,65,25,7,52,65,65.00000000000001
18,69,4,62,1,3,63,18,4,62,63,63.000000000000014
20,73,6,84,0,3,67,20,6,84,67,67.00000000000001
22,89,5,59,5,4,71,22,5,59,71,71.00000000000001
20,83,9,87,0,2,68,20,9,87,68,68.00000000000003
22,96,7,99,4,4,74,22,7,99,74,74.00000000000003
19,71,8,57,2,4,65,19,8,57,65,65.00000000000001
33,93,6,96,0,4,75,33,6,96,75,75.00000000000001
26,80,8,93,2,1,69,26,8,93,69,69.00000000000003
27,72,5,93,1,2,70,27,5,93,70,70.00000000000001
14,99,6,86,2,4,71,14,6,86,71,71.00000000000001
16,94,7,98,0,4,69,16,7,98,69,69.00000000000003
20,84,7,71,5,2,68,20,7,71,68,68.00000000000001
16,72,9,52,1,1,60,16,9,52,60,60.000000000000014
14,77,6,77,1,2,64,14,6,77,64,64.00000000000001
23,97,8,60,1,3,72,23,8,60,72,72.00000000000001
23,98,7,54,0,3,68,23,7,54,68,68.00000000000001
29,77,6,85,1,1,69,29,6,85,69,69.00000000000001
15,86,10,68,0,5,69,15,10,68,69,69.00000000000001
9,76,7,79,1,3,63,9,7,79,63,63.000000000000014
20,78,8,89,0,4,66,20,8,89,66,66.00000000000003
16,64,7,79,3,4,66,16,7,79,66,66.00000000000001
19,80,7,66,4,4,69,19,7,66,69,69.00000000000001
20,62,4,78,1,4,64,20,4,78,64,64.00000000000001
22,76,10,57,1,3,66,22,10,57,66,66.00000000000003
8,88,8,92,1,4,66,8,8,92,66,66.00000000000003
25,94,7,76,1,2,69,25,7,76,69,69.00000000000001
21,81,7,85,1,3,68,21,7,85,68,68.00000000000003
16,100,8,65,1,2,69,16,8,65,69,69.00000000000003
17,66,5,64,0,2,64,17,5,64,64,64.00000000000001
27,82,6,51,1,3,66,27,6,51,66,66.00000000000001
14,66,6,96,0,3,61,14,6,96,61,61.000000000000014
23,100,5,93,4,3,73,23,5,93,73,73.00000000000001
15,71,8,60,0,3,62,15,8,60,62,62.000000000000014
36,66,8,58,1,3,69,36,8,58,69,69.00000000000001
21,63,7,63,2,2,63,21,7,63,63,63.000000000000014
30,88,9,96,1,3,73,30,9,96,73,73.00000000000001
26,74,6,77,3,2,66,26,6,77,66,66.00000000000001
18,84,6,64,2,2,67,18,6,64,67,67.00000000000001
37,96,7,63,0,4,76,37,7,63,76,76.00000000000003
12,72,8,84,1,5,63,12,8,84,63,63.000000000000014
15,60,7,81,4,2,63,15,7,81,63,63.000000000000014
25,72,8,87,3,3,68,25,8,87,68,68.00000000000003
23,85,8,77,0,4,70,23,8,77,70,70.00000000000003
12,92,7,90,2,5,69,12,7,90,69,69.00000000000003
24,80,7,96,0,0,70,24,7,96,70,70.00000000000003
18,75,7,53,0,2,63,18,7,53,63,63.00000000000002
25,86,6,59,3,3,69,25,6,59,69,69.00000000000001
24,79,6,99,2,3,68,24,6,99,68,68.00000000000001
19,78,9,78,2,2,67,19,9,78,67,67.00000000000003
26,91,7,79,1,5,72,26,7,79,72,72.00000000000001
27,74,6,54,3,3,69,27,6,54,69,69.00000000000001
17,64,7,74,2,2,64,17,7,74,64,64.00000000000001
17,98,10,71,0,3,70,17,10,71,70,70.00000000000001
14,74,7,66,0,3,63,14,7,66,63,63.000000000000014
17,71,6,99,4,3,66,17,6,99,66,66.00000000000001
16,67,5,56,1,2,61,16,5,56,61,61.000000000000014
25,81,8,68,0,3,69,25,8,68,69,69.00000000000003
24,91,7,72,3,3,71,24,7,72,71,71.00000000000001
12,90,7,61,2,2,66,12,7,61,66,66.00000000000001
20,95,6,65,2,3,70,20,6,65,70,70.00000000000001
24,95,7,71,1,3,74,24,7,71,74,74.00000000000001
24,63,8,59,1,3,62,24,8,59,62,62.000000000000014
18,84,6,94,3,4,71,18,6,94,71,71.00000000000001
19,82,8,82,2,4,68,19,8,82,68,68.00000000000003
20,92,6,82,0,5,69,20,6,82,69,69.00000000000001
18,63,6,94,2,2,63,18,6,94,63,63.000000000000014
19,89,6,90,0,4,70,19,6,90,70,70.00000000000001
17,77,7,54,1,2,64,17,7,54,64,64.00000000000001
16,73,8,58,1,4,64,16,8,58,64,64.00000000000001
29,82,7,84,1,2,70,29,7,84,70,70.00000000000003
31,82,5,98,0,3,71,31,5,98,71,71.00000000000001
18,81,9,73,1,2,65,18,9,73,65,65.00000000000003
10,93,7,90,0,2,66,10,7,90,66,66.00000000000003
25,92,5,72,1,4,71,25,5,72,71,71.00000000000001
17,93,6,87,1,2,67,17,6,87,67,67.00000000000001
16,62,7,79,2,3,63,16,7,79,63,63.000000000000014
24,64,8,90,0,3,65,24,8,90,65,65.00000000000003
17,81,6,95,2,3,69,17,6,95,69,69.00000000000001
20,62,6,98,0,3,67,20,6,98,67,67.00000000000001
11,97,7,69,3,2,66,11,7,69,66,66.00000000000001
11,69,8,65,0,2,58,11,8,65,58,58.000000000000014
20,93,7,79,1,3,69,20,7,79,69,69.00000000000001
20,92,7,58,2,4,70,20,7,58,70,70.00000000000001
24,72,7,61,3,2,67,24,7,61,67,67.00000000000001
19,97,9,61,2,1,72,19,9,61,72,72.00000000000001
10,76,7,80,1,4,65,10,7,80,65,65.00000000000001
17,75,5,73,0,4,63,17,5,73,63,63.00000000000002
25,96,5,69,0,4,71,25,5,69,71,71.00000000000001
30,85,6,96,1,4,72,30,6,96,72,72.00000000000001
27,91,4,67,1,2,71,27,4,67,71,71.00000000000001
19,73,9,86,0,3,66,19,9,86,66,66.00000000000003
12,96,7,71,2,2,68,12,7,71,68,68.00000000000001
9,79,7,90,1,3,63,9,7,90,63,63.00000000000002
19,69,7,82,1,2,65,19,7,82,65,65.00000000000001
15,93,6,64,2,4,71,15,6,64,71,71.00000000000001
20,80,6,86,1,3,67,20,6,86,67,67.00000000000001
4,64,7,65,1,4,59,4,7,65,59,59.000000000000014
18,73,7,94,1,3,68,18,7,94,68,68.00000000000003
16,94,6,66,3,4,69,16,6,66,69,69.00000000000001
19,69,7,72,1,2,61,19,7,72,61,61.000000000000014
22,77,10,79,2,2,67,22,10,79,67,67.00000000000003
16,93,6,56,2,4,67,16,6,56,67,67.00000000000001
15,96,7,58,3,4,70,15,7,58,70,70.00000000000001
24,92,5,81,2,3,69,24,5,81,69,69.00000000000001
18,100,8,66,3,3,69,18,8,66,69,69.00000000000003
23,69,6,60,2,4,66,23,6,60,66,66.00000000000001
21,68,8,52,3,2,65,21,8,52,65,65.00000000000001
13,65,5,87,1,2,61,13,5,87,61,61.000000000000014
21,72,7,78,0,1,63,21,7,78,63,63.00000000000002
23,88,6,58,2,2,68,23,6,58,68,68.00000000000001
16,100,10,56,1,2,69,16,10,56,69,69.00000000000001
18,68,7,72,0,3,64,18,7,72,64,64.00000000000001
13,86,7,58,0,3,63,13,7,58,63,63.00000000000002
22,89,8,89,0,3,71,22,8,89,71,71.00000000000003
20,72,6,89,1,3,62,20,6,89,62,62.00000000000002
9,86,8,86,1,1,65,9,8,86,65,65.00000000000003
22,87,6,58,0,4,68,22,6,58,68,68.00000000000001
18,74,7,67,0,3,63,18,7,67,63,63.00000000000002
22,97,8,75,1,4,71,22,8,75,71,71.00000000000003
25,73,7,70,0,4,67,25,7,70,67,67.00000000000001
13,86,5,54,3,3,66,13,5,54,66,66.00000000000001
23,85,7,99,1,5,71,23,7,99,71,71.00000000000003
15,91,10,61,0,4,65,15,10,61,65,65.00000000000003
24,91,7,51,2,3,72,24,7,51,72,72.00000000000001
15,78,9,95,1,3,69,15,9,95,69,69.00000000000003
15,80,5,90,4,3,69,15,5,90,69,69.00000000000001
16,75,5,86,0,1,62,16,5,86,62,62.00000000000002
22,76,6,84,2,3,70,22,6,84,70,70.00000000000001
34,84,6,95,1,3,73,34,6,95,73,73.00000000000001
19,91,8,59,1,2,69,19,8,59,69,69.00000000000001
17,97,9,88,0,2,70,17,9,88,70,70.00000000000003
24,88,8,74,0,3,71,24,8,74,71,71.00000000000003
16,60,7,70,3,4,63,16,7,70,63,63.000000000000014
20,83,5,58,1,3,68,20,5,58,68,68.00000000000001
21,72,8,100,3,3,70,21,8,100,70,70.00000000000003
26,72,10,54,2,2,66,26,10,54,66,66.00000000000003
18,89,4,73,3,2,100,18,4,73,100,100.0
17,90,5,88,1,1,68,17,5,88,68,68.00000000000001
23,87,8,79,2,2,71,23,8,79,71,71.00000000000003
11,60,7,59,2,1,60,11,7,59,60,60.000000000000014
16,82,7,85,1,4,67,16,7,85,67,67.00000000000003
9,98,9,64,1,3,67,9,9,64,67,67.00000000000003
22,92,9,72,1,4,71,22,9,72,71,71.00000000000003
18,81,10,55,3,2,64,18,10,55,64,64.00000000000001
26,89,6,72,1,3,69,26,6,72,69,69.00000000000001
17,82,5,66,1,3,66,17,5,66,66,66.00000000000001
22,68,4,87,2,3,66,22,4,87,66,66.00000000000001
15,91,6,64,1,3,64,15,6,64,64,64.00000000000001
20,83,7,79,2,5,66,20,7,79,66,66.00000000000001
23,64,5,59,3,5,64,23,5,59,64,64.00000000000001
28,63,7,91,1,1,65,28,7,91,65,65.00000000000003
16,97,6,92,0,4,71,16,6,92,71,71.00000000000001
33,77,5,85,0,5,69,33,5,85,69,69.00000000000001
18,66,5,97,4,4,66,18,5,97,66,66.00000000000001
15,88,8,61,2,4,68,15,8,61,68,68.00000000000001
15,78,8,100,0,3,62,15,8,100,62,62.00000000000002
26,71,6,94,3,4,68,26,6,94,68,68.00000000000001
13,83,5,59,4,2,63,13,5,59,63,63.00000000000002
18,66,9,87,1,3,64,18,9,87,64,64.0
16,92,8,63,2,4,68,16,8,63,68,68.00000000000003
8,97,8,87,0,2,67,8,8,87,67,67.00000000000003
35,93,6,94,5,2,76,35,6,94,76,76.00000000000001
16,93,6,77,2,1,67,16,6,77,67,67.00000000000001
14,63,9,72,3,4,59,14,9,72,59,59.000000000000014
17,62,7,66,2,4,63,17,7,66,63,63.000000000000014
21,97,7,99,1,3,71,21,7,99,71,71.00000000000003
15,66,9,63,3,3,63,15,9,63,63,63.00000000000001
22,70,7,53,1,3,83,22,7,53,83,83.0
24,75,8,85,1,2,66,24,8,85,66,66.00000000000003
10,61,10,79,4,2,62,10,10,79,62,62.00000000000001
28,78,4,73,3,4,68,28,4,73,68,68.00000000000001
17,77,5,59,2,4,65,17,5,59,65,65.00000000000001
18,99,8,72,4,4,72,18,8,72,72,72.00000000000003
24,96,7,96,1,3,74,24,7,96,74,74.00000000000003
17,87,5,60,4,3,67,17,5,60,67,67.00000000000001
25,99,9,74,1,3,73,25,9,74,73,73.00000000000001
15,64,8,82,0,3,61,15,8,82,61,61.000000000000014
37,94,8,52,1,3,76,37,8,52,76,76.0
29,80,10,91,1,3,70,29,10,91,70,70.00000000000001
16,60,8,67,0,3,61,16,8,67,61,61.000000000000014
20,87,10,56,2,2,67,20,10,56,67,67.00000000000003
10,78,8,74,1,4,65,10,8,74,65,65.00000000000003
17,69,7,87,2,3,65,17,7,87,65,65.00000000000003
26,73,8,91,4,5,69,26,8,91,69,69.00000000000003
26,77,6,63,1,4,66,26,6,63,66,66.00000000000001
21,77,6,60,1,3,66,21,6,60,66,66.00000000000001
22,64,6,73,3,4,67,22,6,73,67,67.00000000000001
15,63,7,74,4,2,62,15,7,74,62,62.000000000000014
12,74,8,66,1,4,62,12,8,66,62,62.000000000000014
24,77,8,87,2,1,68,24,8,87,68,68.00000000000003
16,91,6,92,2,3,71,16,6,92,71,71.00000000000001
11,65,5,62,2,2,60,11,5,62,60,60.000000000000014
14,77,7,54,1,2,62,14,7,54,62,62.00000000000002
25,83,7,94,2,3,72,25,7,94,72,72.00000000000003
14,78,6,69,0,5,67,14,6,69,67,67.00000000000001
19,81,10,56,1,3,65,19,10,56,65,65.00000000000003
21,71,8,57,2,1,66,21,8,57,66,66.00000000000001
19,65,5,95,2,4,65,19,5,95,65,65.00000000000001
20,70,6,92,2,3,67,20,6,92,67,67.00000000000001
7,84,5,96,1,3,62,7,5,96,62,62.00000000000002
21,93,7,67,2,3,68,21,7,67,68,68.00000000000001
15,88,8,71,1,2,64,15,8,71,64,64.00000000000003
15,91,6,80,0,3,69,15,6,80,69,69.00000000000001
11,93,9,94,4,4,69,11,9,94,69,69.00000000000003
14,82,4,96,2,4,66,14,4,96,66,66.00000000000001
17,87,6,94,2,3,70,17,6,94,70,70.00000000000001
20,75,9,82,0,5,66,20,9,82,66,66.00000000000003
22,65,8,98,4,3,66,22,8,98,66,66.00000000000003
21,60,8,93,0,2,63,21,8,93,63,63.000000000000014
9,62,5,58,0,5,59,9,5,58,59,59.000000000000014
17,66,6,61,1,6,65,17,6,61,65,65.00000000000001
15,69,7,89,1,2,63,15,7,89,63,63.000000000000014
35,84,5,86,1,3,72,35,5,86,72,72.00000000000001
13,64,6,77,0,4,60,13,6,77,60,60.000000000000014
29,77,8,65,1,3,68,29,8,65,68,68.00000000000003
25,60,5,73,1,2,62,25,5,73,62,62.000000000000014
23,94,8,58,5,6,71,23,8,58,71,71.00000000000001
17,90,8,65,2,3,71,17,8,65,71,71.00000000000003
27,67,9,94,0,2,70,27,9,94,70,70.00000000000003
22,70,5,90,1,3,68,22,5,90,68,68.00000000000001
17,62,8,86,2,4,62,17,8,86,62,62.000000000000014
27,93,6,66,2,3,70,27,6,66,70,70.00000000000001
20,81,6,51,3,4,67,20,6,51,67,67.00000000000001
22,75,7,52,0,3,66,22,7,52,66,66.00000000000001
3,62,6,67,1,3,55,3,6,67,55,55.000000000000014
27,63,6,86,1,4,68,27,6,86,68,68.00000000000001
19,84,8,56,0,3,64,19,8,56,64,64.00000000000001
21,72,9,80,1,3,66,21,9,80,66,66.00000000000003
22,62,8,76,1,3,63,22,8,76,63,63.000000000000014
27,92,6,99,4,3,74,27,6,99,74,74.00000000000001
33,72,8,83,3,4,71,33,8,83,71,71.00000000000003
24,86,7,89,2,3,69,24,7,89,69,69.00000000000003
10,95,5,93,0,3,69,10,5,93,69,69.00000000000001
19,75,10,88,0,2,66,19,10,88,66,66.00000000000003
24,91,6,56,1,2,70,24,6,56,70,70.00000000000001
19,84,5,63,1,2,67,19,5,63,67,67.00000000000001
11,83,5,63,2,3,65,11,5,63,65,65.00000000000001
13,66,6,98,1,2,65,13,6,98,65,65.00000000000001
17,88,7,94,0,3,69,17,7,94,69,69.00000000000003
27,90,8,67,2,3,70,27,8,67,70,70.00000000000003
21,99,5,54,1,4,70,21,5,54,70,70.00000000000001
20,95,8,77,1,2,69,20,8,77,69,69.00000000000003
14,97,5,83,0,2,68,14,5,83,68,68.00000000000001
14,85,6,94,0,4,67,14,6,94,67,67.00000000000001
17,67,5,83,3,3,64,17,5,83,64,64.00000000000001
25,79,7,52,1,2,68,25,7,52,68,68.00000000000001
20,65,8,97,0,3,65,20,8,97,65,65.00000000000003
18,87,6,92,1,4,68,18,6,92,68,68.00000000000001
22,68,9,53,1,2,65,22,9,53,65,65.00000000000003
22,94,9,53,1,3,68,22,9,53,68,68.00000000000003
17,74,9,50,0,2,60,17,9,50,60,60.00000000000002
21,65,9,56,1,5,63,21,9,56,63,63.00000000000001
29,72,5,50,0,4,64,29,5,50,64,64.00000000000001
18,85,6,74,3,2,67,18,6,74,67,67.00000000000001
17,92,6,93,4,4,72,17,6,93,72,72.00000000000001
19,76,6,68,2,3,65,19,6,68,65,65.00000000000001
19,68,6,66,2,3,65,19,6,66,65,65.00000000000001
9,89,7,91,1,3,67,9,7,91,67,67.00000000000003
23,97,8,57,2,1,72,23,8,57,72,72.00000000000001
20,67,7,76,0,4,63,20,7,76,63,63.000000000000014
20,83,6,97,2,4,68,20,6,97,68,68.00000000000001
16,94,8,85,3,2,68,16,8,85,68,68.00000000000003
28,67,7,51,2,3,67,28,7,51,67,67.00000000000001
26,64,7,62,3,2,66,26,7,62,66,66.00000000000001
29,67,7,72,0,3,65,29,7,72,65,65.00000000000001
30,71,9,95,1,4,70,30,9,95,70,70.00000000000003
17,68,6,97,2,3,65,17,6,97,65,65.00000000000001
18,79,9,58,3,3,65,18,9,58,65,65.00000000000003
15,71,6,69,2,4,65,15,6,69,65,65.00000000000001
12,74,6,55,0,3,63,12,6,55,63,63.000000000000014
24,86,7,88,1,3,69,24,7,88,69,69.00000000000003
26,76,7,74,4,3,70,26,7,74,70,70.00000000000001
25,78,7,86,1,3,68,25,7,86,68,68.00000000000003
15,94,8,60,2,4,66,15,8,60,66,66.00000000000001
21,73,6,99,1,5,65,21,6,99,65,65.00000000000001
20,72,8,93,4,2,68,20,8,93,68,68.00000000000003
30,98,7,76,1,3,74,30,7,76,74,74.00000000000001
9,78,6,87,0,3,65,9,6,87,65,65.00000000000001
18,82,5,85,3,4,71,18,5,85,71,71.00000000000001
22,76,9,87,2,3,65,22,9,87,65,65.00000000000003
17,86,7,61,2,3,66,17,7,61,66,66.00000000000001
24,77,10,53,2,4,68,24,10,53,68,68.00000000000001
17,63,4,92,2,4,63,17,4,92,63,63.000000000000014
30,69,7,66,0,4,68,30,7,66,68,68.00000000000001
17,68,9,57,2,3,63,17,9,57,63,63.00000000000001
28,92,5,96,1,3,72,28,5,96,72,72.00000000000001
16,77,10,69,1,3,64,16,10,69,64,64.00000000000001
26,99,4,91,2,4,75,26,4,91,75,75.00000000000001
23,73,5,60,1,2,67,23,5,60,67,67.00000000000001
16,100,8,63,2,3,69,16,8,63,69,69.00000000000003
13,70,7,80,1,4,63,13,7,80,63,63.000000000000014
15,85,4,72,4,4,69,15,4,72,69,69.00000000000001
30,86,8,52,2,2,68,30,8,52,68,68.00000000000001
26,77,4,70,2,3,65,26,4,70,65,65.00000000000001
13,97,7,70,1,4,71,13,7,70,71,71.00000000000001
23,62,4,94,0,3,64,23,4,94,64,64.00000000000001
21,78,10,60,3,5,68,21,10,60,68,68.00000000000001
17,67,8,82,0,4,65,17,8,82,65,65.00000000000003
13,70,6,81,2,2,66,13,6,81,66,66.00000000000001
14,82,7,52,3,2,66,14,7,52,66,66.00000000000001
24,60,6,73,1,5,66,24,6,73,66,66.00000000000001
30,99,5,70,2,4,74,30,5,70,74,74.00000000000001
11,73,7,67,3,5,63,11,7,67,63,63.000000000000014
18,97,8,95,1,2,72,18,8,95,72,72.00000000000003
30,96,4,74,0,3,69,30,4,74,69,69.00000000000001
27,82,9,67,1,2,68,27,9,67,68,68.00000000000003
23,91,10,62,1,3,70,23,10,62,70,70.00000000000001
11,64,8,75,1,3,60,11,8,75,60,60.000000000000014
21,69,10,92,2,3,65,21,10,92,65,65.00000000000003
15,96,7,54,0,3,65,15,7,54,65,65.00000000000001
12,85,7,54,4,3,66,12,7,54,66,66.00000000000001
17,97,9,63,2,2,70,17,9,63,70,70.00000000000003
17,87,8,92,3,2,68,17,8,92,68,68.00000000000003
27,67,10,71,1,3,67,27,10,71,67,67.00000000000003
23,68,9,55,1,3,65,23,9,55,65,65.00000000000003
23,98,7,52,2,4,71,23,7,52,71,71.00000000000001
16,64,5,65,3,4,65,16,5,65,65,65.00000000000001
17,91,8,66,3,2,69,17,8,66,69,69.00000000000003
28,98,7,86,2,2,75,28,7,86,75,75.00000000000003
22,70,6,82,1,3,65,22,6,82,65,65.00000000000001
20,99,6,91,2,4,70,20,6,91,70,70.00000000000001
10,64,7,64,0,4,60,10,7,64,60,60.000000000000014
23,76,8,98,0,2,69,23,8,98,69,69.00000000000003
24,72,8,88,3,2,68,24,8,88,68,68.00000000000003
20,86,8,89,1,3,69,20,8,89,69,69.00000000000003
30,72,8,84,1,1,68,30,8,84,68,68.00000000000003
17,100,8,63,1,5,71,17,8,63,71,71.00000000000003
24,61,10,64,0,3,62,24,10,64,62,62.00000000000001
29,71,6,86,1,2,69,29,6,86,69,69.00000000000001
16,88,5,94,4,6,72,16,5,94,72,72.00000000000001
18,70,4,56,1,4,65,18,4,56,65,65.00000000000001
14,89,6,82,2,4,69,14,6,82,69,69.00000000000001
11,75,8,89,2,4,65,11,8,89,65,65.00000000000003
17,95,5,62,1,3,69,17,5,62,69,69.00000000000001
22,78,7,54,1,3,65,22,7,54,65,65.00000000000001
24,99,4,92,2,3,72,24,4,92,72,72.00000000000001
14,79,6,59,5,3,68,14,6,59,68,68.00000000000001
19,65,8,54,0,3,62,19,8,54,62,62.000000000000014
17,76,7,87,1,4,68,17,7,87,68,68.00000000000003
20,92,5,86,0,2,68,20,5,86,68,68.00000000000001
12,71,8,65,1,2,62,12,8,65,62,62.000000000000014
17,67,6,59,0,3,61,17,6,59,61,61.000000000000014
26,97,5,79,2,3,71,26,5,79,71,71.00000000000001
2,67,6,73,1,2,58,2,6,73,58,58.000000000000014
31,71,7,66,3,1,67,31,7,66,67,67.00000000000001
36,71,6,56,2,2,69,36,6,56,69,69.00000000000001
24,80,7,69,0,3,67,24,7,69,67,67.00000000000001
32,100,5,67,4,3,74,32,5,67,74,74.00000000000003
34,61,6,67,1,2,68,34,6,67,68,68.00000000000001
20,82,8,85,1,3,66,20,8,85,66,66.00000000000003
25,85,8,50,1,1,70,25,8,50,70,70.00000000000001
13,77,10,55,2,3,63,13,10,55,63,63.000000000000014
30,91,9,62,3,4,73,30,9,62,73,73.00000000000001
21,84,7,97,2,4,67,21,7,97,67,67.00000000000003
34,91,7,95,1,3,70,34,7,95,70,70.00000000000003
23,95,8,94,1,4,73,23,8,94,73,73.00000000000003
20,79,7,91,2,4,66,20,7,91,66,66.00000000000003
20,75,6,59,2,1,64,20,6,59,64,64.00000000000001
20,94,7,69,0,3,65,20,7,69,65,65.00000000000001
13,89,6,98,0,4,67,13,6,98,67,67.00000000000001
19,92,7,89,0,2,69,19,7,89,69,69.00000000000003
15,67,7,86,1,3,66,15,7,86,66,66.00000000000003
23,74,7,76,1,2,67,23,7,76,67,67.00000000000001
35,64,6,85,2,2,68,35,6,85,68,68.00000000000001
25,70,7,51,3,4,66,25,7,51,66,66.00000000000001
17,65,5,62,2,4,63,17,5,62,63,63.000000000000014
17,68,7,99,1,1,65,17,7,99,65,65.00000000000003
14,96,9,69,0,3,66,14,9,69,66,66.00000000000003
35,67,6,77,1,3,71,35,6,77,71,71.00000000000001
33,67,6,86,4,3,71,33,6,86,71,71.00000000000001
24,67,9,86,2,2,68,24,9,86,68,68.00000000000003
19,81,8,96,0,4,69,19,8,96,69,69.00000000000003
24,72,7,82,2,4,67,24,7,82,67,67.00000000000001
17,67,10,71,1,3,63,17,10,71,63,63.00000000000001
10,89,8,69,3,4,63,10,8,69,63,63.00000000000002
19,61,8,84,2,4,66,19,8,84,66,66.00000000000003
22,91,4,81,2,3,68,22,4,81,68,68.00000000000001
20,89,6,74,1,3,66,20,6,74,66,66.00000000000001
27,96,7,84,1,3,74,27,7,84,74,74.00000000000003
4,84,6,70,5,4,65,4,6,70,65,65.00000000000001
23,76,7,96,2,4,68,23,7,96,68,68.00000000000003
16,85,7,85,1,2,66,16,7,85,66,66.00000000000003
34,93,6,93,2,4,77,34,6,93,77,77.00000000000001
26,69,9,55,1,3,66,26,9,55,66,66.00000000000003
22,74,6,73,3,4,71,22,6,73,71,71.00000000000001
15,76,9,76,1,2,67,15,9,76,67,67.00000000000003
9,87,6,64,1,2,64,9,6,64,64,64.00000000000001
20,62,8,79,2,1,62,20,8,79,62,62.000000000000014
17,99,5,67,2,4,69,17,5,67,69,69.00000000000001
18,66,7,89,4,3,65,18,7,89,65,65.00000000000003
27,64,7,77,3,4,68,27,7,77,68,68.00000000000001
18,69,6,84,2,4,65,18,6,84,65,65.00000000000001
30,94,8,52,1,4,71,30,8,52,71,71.00000000000001
18,77,10,85,2,3,68,18,10,85,68,68.00000000000001
30,61,10,64,4,2,69,30,10,64,69,69.00000000000001
12,77,7,85,1,3,62,12,7,85,62,62.00000000000002
17,97,9,96,0,1,71,17,9,96,71,71.00000000000003
18,87,5,84,2,4,71,18,5,84,71,71.00000000000001
11,93,6,72,2,3,66,11,6,72,66,66.00000000000001
21,80,7,75,3,2,69,21,7,75,69,69.00000000000001
12,95,4,82,2,3,66,12,4,82,66,66.00000000000001
15,60,7,91,0,2,59,15,7,91,59,59.000000000000014
22,82,7,68,2,4,70,22,7,68,70,70.00000000000001
18,65,6,53,1,3,63,18,6,53,63,63.000000000000014
1,69,6,97,1,3,61,1,6,97,61,61.000000000000014
23,71,8,50,0,2,64,23,8,50,64,64.00000000000001
24,98,8,66,2,1,71,24,8,66,71,71.00000000000003
22,67,6,71,1,4,64,22,6,71,64,64.00000000000001
29,76,8,96,2,2,94,29,8,96,94,94.00000000000001
24,91,9,76,1,4,70,24,9,76,70,70.00000000000003
21,83,6,81,3,4,71,21,6,81,71,71.00000000000001
17,78,6,88,1,3,68,17,6,88,68,68.00000000000001
22,93,9,79,2,2,73,22,9,79,73,73.00000000000001
12,65,6,64,1,3,61,12,6,64,61,61.000000000000014
24,95,8,86,1,3,74,24,8,86,74,74.00000000000003
16,92,9,71,2,2,66,16,9,71,66,66.00000000000003
22,80,7,63,1,3,69,22,7,63,69,69.00000000000001
15,86,9,68,0,3,67,15,9,68,67,67.00000000000003
16,62,8,74,2,3,62,16,8,74,62,62.000000000000014
17,83,8,69,4,3,67,17,8,69,67,67.00000000000003
20,84,10,62,1,2,67,20,10,62,67,67.00000000000003
16,71,9,69,1,4,65,16,9,69,65,65.00000000000003
24,70,7,71,1,4,65,24,7,71,65,65.00000000000001
22,66,6,63,1,5,64,22,6,63,64,64.00000000000001
26,60,7,94,3,2,68,26,7,94,68,68.00000000000003
13,84,8,58,2,3,66,13,8,58,66,66.00000000000001
31,61,4,79,0,3,65,31,4,79,65,65.00000000000001
15,81,7,90,1,2,68,15,7,90,68,68.00000000000003
18,96,10,65,3,2,71,18,10,65,71,71.00000000000001
19,65,5,65,1,6,64,19,5,65,64,64.00000000000001
27,92,7,81,0,1,70,27,7,81,70,70.00000000000001
13,60,6,66,1,5,61,13,6,66,61,61.000000000000014
31,76,9,91,1,4,72,31,9,91,72,72.00000000000001
19,63,7,94,1,3,64,19,7,94,64,64.00000000000001
18,83,5,80,1,2,70,18,5,80,70,70.00000000000001
20,80,7,58,0,2,65,20,7,58,65,65.00000000000001
19,77,9,57,4,3,64,19,9,57,64,64.00000000000001
29,76,9,72,1,3,69,29,9,72,69,69.00000000000003
24,81,6,61,3,3,69,24,6,61,69,69.00000000000001
18,79,6,96,3,3,69,18,6,96,69,69.00000000000001
12,75,7,58,3,4,66,12,7,58,66,66.00000000000001
17,82,7,59,3,4,68,17,7,59,68,68.00000000000001
19,81,7,100,1,5,68,19,7,100,68,68.00000000000003
19,99,8,79,3,4,70,19,8,79,70,70.00000000000003
19,98,5,76,2,3,72,19,5,76,72,72.00000000000001
20,94,7,89,0,1,68,20,7,89,68,68.00000000000003
23,60,8,69,1,4,66,23,8,69,66,66.00000000000003
13,97,8,81,3,1,68,13,8,81,68,68.00000000000003
10,81,7,85,1,2,63,10,7,85,63,63.00000000000002
17,79,8,84,0,2,66,17,8,84,66,66.00000000000003
16,86,8,63,2,4,67,16,8,63,67,67.00000000000003
24,88,6,87,1,3,72,24,6,87,72,72.00000000000001
24,83,7,52,1,4,71,24,7,52,71,71.00000000000001
30,78,10,97,1,2,70,30,10,97,70,70.00000000000001
12,70,5,53,2,3,63,12,5,53,63,63.000000000000014
16,67,6,88,0,3,65,16,6,88,65,65.00000000000001
18,79,7,79,0,3,65,18,7,79,65,65.00000000000001
21,65,6,91,1,3,67,21,6,91,67,67.00000000000001
29,96,8,95,0,2,75,29,8,95,75,75.00000000000001
19,86,8,78,2,4,69,19,8,78,69,69.00000000000003
30,88,9,91,3,3,73,30,9,91,73,73.00000000000001
16,83,7,60,0,1,66,16,7,60,66,66.00000000000001
25,70,7,79,3,3,68,25,7,79,68,68.00000000000001
20,92,10,69,0,2,67,20,10,69,67,67.00000000000003
19,94,4,76,4,3,68,19,4,76,68,68.00000000000001
26,72,7,72,2,4,65,26,7,72,65,65.00000000000001
35,86,8,59,2,2,70,35,8,59,70,70.00000000000001
12,96,5,88,0,2,70,12,5,88,70,70.00000000000001
19,97,8,98,1,3,71,19,8,98,71,71.00000000000003
23,73,10,85,1,3,67,23,10,85,67,67.00000000000003
19,99,8,84,0,4,73,19,8,84,73,73.00000000000003
23,94,9,61,0,1,68,23,9,61,68,68.00000000000003
30,79,7,78,3,2,72,30,7,78,72,72.00000000000001
19,71,7,99,0,4,65,19,7,99,65,65.00000000000003
19,96,5,67,4,1,72,19,5,67,72,72.00000000000001
24,73,7,70,0,3,68,24,7,70,68,68.00000000000001
30,73,8,100,2,2,72,30,8,100,72,72.00000000000003
25,70,4,72,0,4,65,25,4,72,65,65.00000000000001
20,100,8,91,3,3,72,20,8,91,72,72.00000000000003
18,69,8,65,4,4,65,18,8,65,65,65.00000000000003
20,98,6,64,1,3,72,20,6,64,72,72.00000000000001
15,78,5,73,0,1,64,15,5,73,64,64.00000000000001
22,65,7,95,3,2,65,22,7,95,65,65.00000000000003
13,71,10,99,0,3,64,13,10,99,64,64.0
19,87,7,75,2,3,67,19,7,75,67,67.00000000000001
18,92,4,88,3,2,69,18,4,88,69,69.00000000000001
27,71,9,51,3,1,66,27,9,51,66,66.00000000000003
18,74,6,85,4,3,66,18,6,85,66,66.00000000000001
26,88,10,67,0,3,65,26,10,67,65,65.00000000000003
10,97,8,72,0,3,67,10,8,72,67,67.00000000000003
19,67,8,96,1,3,64,19,8,96,64,64.00000000000001
20,65,6,74,0,3,62,20,6,74,62,62.000000000000014
39,78,6,73,0,2,70,39,6,73,70,70.00000000000001
20,73,7,91,1,2,66,20,7,91,66,66.00000000000003
15,84,9,67,1,3,65,15,9,67,65,65.00000000000003
21,81,8,61,3,5,66,21,8,61,66,66.00000000000001
22,73,9,72,3,3,66,22,9,72,66,66.00000000000003
18,71,7,80,1,4,63,18,7,80,63,63.000000000000014
28,94,5,80,2,2,71,28,5,80,71,71.00000000000001
7,73,7,75,1,3,64,7,7,75,64,64.00000000000001
26,82,9,74,2,5,68,26,9,74,68,68.00000000000003
8,80,6,86,2,3,64,8,6,86,64,64.00000000000001
22,70,8,75,0,3,68,22,8,75,68,68.00000000000003
30,94,5,52,3,2,70,30,5,52,70,70.00000000000001
22,75,8,84,3,3,69,22,8,84,69,69.00000000000003
23,97,9,96,2,4,74,23,9,96,74,74.00000000000001
21,85,6,74,2,4,71,21,6,74,71,71.00000000000001
9,69,7,80,1,3,61,9,7,80,61,61.000000000000014
21,65,5,98,2,4,66,21,5,98,66,66.00000000000001
28,76,9,91,0,3,68,28,9,91,68,68.00000000000003
21,87,7,65,2,3,67,21,7,65,67,67.00000000000001
17,81,6,82,3,4,67,17,6,82,67,67.00000000000001
22,84,5,95,2,3,69,22,5,95,69,69.00000000000001
15,92,7,51,1,3,69,15,7,51,69,69.00000000000001
23,60,9,56,0,4,61,23,9,56,61,61.00000000000001
23,93,6,97,1,2,70,23,6,97,70,70.00000000000001
22,87,7,75,0,2,70,22,7,75,70,70.00000000000001
26,68,8,90,4,3,70,26,8,90,70,70.00000000000003
25,75,8,96,1,0,68,25,8,96,68,68.00000000000003
14,94,7,85,1,3,66,14,7,85,66,66.00000000000003
16,80,9,58,0,2,63,16,9,58,63,63.000000000000014
12,68,6,52,5,3,63,12,6,52,63,63.000000000000014
20,72,7,84,2,2,65,20,7,84,65,65.00000000000003
14,98,7,98,0,3,68,14,7,98,68,68.00000000000003
20,64,8,80,1,3,65,20,8,80,65,65.00000000000003
24,90,8,99,0,3,72,24,8,99,72,72.00000000000003
17,62,6,99,2,3,62,17,6,99,62,62.000000000000014
19,83,8,54,1,4,66,19,8,54,66,66.00000000000001
13,66,9,51,3,2,63,13,9,51,63,63.00000000000001
29,86,7,52,1,3,68,29,7,52,68,68.00000000000001
21,97,6,80,2,4,72,21,6,80,72,72.00000000000001
20,65,6,94,1,2,64,20,6,94,64,64.00000000000001
12,88,6,72,2,2,64,12,6,72,64,64.00000000000001
24,79,7,81,0,2,69,24,7,81,69,69.00000000000001
18,63,7,84,1,2,66,18,7,84,66,66.00000000000003
30,75,4,79,0,4,67,30,4,79,67,67.00000000000001
17,63,8,59,1,1,62,17,8,59,62,62.000000000000014
13,82,6,60,1,4,64,13,6,60,64,64.00000000000001
22,91,8,95,1,2,70,22,8,95,70,70.00000000000003
21,95,4,55,2,1,71,21,4,55,71,71.00000000000001
20,66,9,72,1,1,64,20,9,72,64,64.0
18,97,7,79,3,3,71,18,7,79,71,71.00000000000001
20,83,7,100,4,3,68,20,7,100,68,68.00000000000003
17,73,9,68,2,3,63,17,9,68,63,63.000000000000014
24,79,7,60,0,3,65,24,7,60,65,65.00000000000001
32,98,5,89,2,3,76,32,5,89,76,76.00000000000003
11,87,7,92,1,5,67,11,7,92,67,67.00000000000003
17,85,6,69,1,3,65,17,6,69,65,65.00000000000001
16,93,7,60,1,1,66,16,7,60,66,66.00000000000001
24,73,9,71,0,3,64,24,9,71,64,64.00000000000001
29,100,8,100,0,5,72,29,8,100,72,72.00000000000004
15,88,6,95,2,4,70,15,6,95,70,70.00000000000001
9,76,6,78,0,4,60,9,6,78,60,60.000000000000014
15,89,8,96,3,3,69,15,8,96,69,69.00000000000003
21,93,8,80,0,1,71,21,8,80,71,71.00000000000003
32,84,8,64,1,3,71,32,8,64,71,71.00000000000003
14,77,7,99,2,2,64,14,7,99,64,64.00000000000003
20,68,6,80,4,4,65,20,6,80,65,65.00000000000001
24,93,8,56,1,3,69,24,8,56,69,69.00000000000001
13,69,5,68,0,1,59,13,5,68,59,59.000000000000014
20,89,9,82,2,3,72,20,9,82,72,72.00000000000001
21,94,7,73,2,3,71,21,7,73,71,71.00000000000001
21,79,8,87,1,2,69,21,8,87,69,69.00000000000003
28,73,7,93,2,3,68,28,7,93,68,68.00000000000003
10,92,6,59,0,2,64,10,6,59,64,64.00000000000001
27,62,6,79,0,3,62,27,6,79,62,62.000000000000014
20,87,5,84,2,3,68,20,5,84,68,68.00000000000001
25,72,6,59,2,3,66,25,6,59,66,66.00000000000001
26,99,8,67,4,4,73,26,8,67,73,73.00000000000003
24,69,6,96,4,4,70,24,6,96,70,70.00000000000001
19,99,8,88,1,3,71,19,8,88,71,71.00000000000003
28,65,5,59,2,5,67,28,5,59,67,67.00000000000001
13,100,8,54,0,3,68,13,8,54,68,68.00000000000001
23,99,6,59,1,3,68,23,6,59,68,68.00000000000001
29,79,5,89,0,3,72,29,5,89,72,72.00000000000001
30,98,7,96,1,3,77,30,7,96,77,77.00000000000003
18,91,8,82,3,2,70,18,8,82,70,70.00000000000003
17,88,8,94,5,2,70,17,8,94,70,70.00000000000003
16,86,6,62,1,4,66,16,6,62,66,66.00000000000001
15,83,4,98,3,3,68,15,4,98,68,68.00000000000001
14,62,5,64,2,3,61,14,5,64,61,61.000000000000014
13,61,8,89,4,4,62,13,8,89,62,62.000000000000014
30,98,10,61,0,3,72,30,10,61,72,72.00000000000001
26,79,8,52,1,3,68,26,8,52,68,68.00000000000001
18,94,7,70,2,3,69,18,7,70,69,69.00000000000001
15,70,8,63,0,4,61,15,8,63,61,61.000000000000014
36,89,8,62,2,3,72,36,8,62,72,72.00000000000001
24,91,6,59,0,4,69,24,6,59,69,69.00000000000001
27,64,6,56,0,5,65,27,6,56,65,65.00000000000001
27,81,7,77,2,2,69,27,7,77,69,69.00000000000001
19,92,7,55,1,5,66,19,7,55,66,66.00000000000001
24,88,6,94,0,2,69,24,6,94,69,69.00000000000001
18,78,7,54,4,4,65,18,7,54,65,65.00000000000001
15,71,7,78,0,3,63,15,7,78,63,63.000000000000014
21,74,6,70,2,3,64,21,6,70,64,64.00000000000001
22,71,8,60,1,4,65,22,8,60,65,65.00000000000001
24,74,4,95,1,4,71,24,4,95,71,71.00000000000001
28,77,9,54,1,3,70,28,9,54,70,70.00000000000003
20,84,5,96,1,2,65,20,5,96,65,65.00000000000001
7,99,7,67,1,4,66,7,7,67,66,66.00000000000001
26,70,6,81,0,3,66,26,6,81,66,66.00000000000001
23,76,7,93,0,6,68,23,7,93,68,68.00000000000003
13,85,7,84,0,5,64,13,7,84,64,64.00000000000003
18,96,9,63,4,3,70,18,9,63,70,70.00000000000003
31,84,5,87,0,3,71,31,5,87,71,71.00000000000001
8,100,8,92,1,3,70,8,8,92,70,70.00000000000001
26,62,6,59,1,3,63,26,6,59,63,63.000000000000014
14,94,7,74,1,5,70,14,7,74,70,70.0
15,67,8,89,0,4,64,15,8,89,64,64.00000000000001
19,93,7,83,1,3,69,19,7,83,69,69.00000000000003
27,67,6,90,2,3,67,27,6,90,67,67.00000000000001
13,71,7,86,2,3,65,13,7,86,65,65.00000000000003
21,71,7,58,1,3,64,21,7,58,64,64.00000000000001
16,78,9,90,3,3,66,16,9,90,66,66.00000000000003
23,90,5,53,2,2,70,23,5,53,70,70.00000000000001
22,67,10,55,1,2,65,22,10,55,65,65.00000000000003
16,94,8,58,2,3,67,16,8,58,67,67.00000000000001
32,87,4,91,2,2,74,32,4,91,74,74.00000000000001
13,99,6,75,1,4,68,13,6,75,68,68.00000000000001
17,86,6,62,2,4,66,17,6,62,66,66.00000000000001
21,98,7,95,3,1,72,21,7,95,72,72.00000000000003
15,76,5,79,4,4,69,15,5,79,69,69.00000000000001
32,95,9,58,2,4,75,32,9,58,75,75.00000000000001
22,91,10,51,2,3,69,22,10,51,69,69.00000000000001
23,71,9,75,1,2,63,23,9,75,63,63.000000000000014
29,73,7,76,2,3,68,29,7,76,68,68.00000000000001
16,86,7,94,2,3,69,16,7,94,69,69.00000000000003
15,95,9,62,2,3,69,15,9,62,69,69.00000000000003
22,97,6,54,2,2,70,22,6,54,70,70.00000000000001
20,77,8,55,1,3,64,20,8,55,64,64.00000000000001
19,69,6,67,4,4,66,19,6,67,66,66.00000000000001
18,95,6,94,6,3,73,18,6,94,73,73.00000000000001
22,71,8,63,2,2,66,22,8,63,66,66.00000000000003
21,68,5,66,2,3,64,21,5,66,64,64.00000000000001
26,80,4,91,1,3,67,26,4,91,67,67.00000000000001
18,96,9,80,1,3,72,18,9,80,72,72.00000000000001
5,84,8,93,4,3,68,5,8,93,68,68.00000000000003
17,100,5,53,1,4,70,17,5,53,70,70.00000000000001
9,94,6,66,0,3,66,9,6,66,66,66.00000000000001
19,75,8,52,0,4,64,19,8,52,64,64.00000000000001
16,100,7,52,4,4,71,16,7,52,71,71.00000000000001
23,97,6,99,1,3,72,23,6,99,72,72.00000000000001
22,77,7,72,2,3,67,22,7,72,67,67.00000000000001
30,73,7,68,0,2,67,30,7,68,67,67.00000000000001
16,70,6,79,0,3,64,16,6,79,64,64.00000000000001
27,90,7,92,0,3,72,27,7,92,72,72.00000000000003
22,71,7,98,2,2,65,22,7,98,65,65.00000000000003
24,67,8,89,2,3,68,24,8,89,68,68.00000000000003
20,64,8,82,3,3,64,20,8,82,64,64.00000000000001
13,70,7,100,3,3,65,13,7,100,65,65.00000000000003
27,76,8,67,1,4,69,27,8,67,69,69.00000000000003
7,62,8,51,0,3,58,7,8,51,58,58.000000000000014
17,64,7,80,3,4,66,17,7,80,66,66.00000000000001
26,83,4,97,2,4,70,26,4,97,70,70.00000000000001
4,73,5,97,1,1,60,4,5,97,60,60.000000000000014
25,76,7,79,2,2,69,25,7,79,69,69.00000000000001
16,63,6,73,0,4,63,16,6,73,63,63.000000000000014
11,70,7,95,0,5,65,11,7,95,65,65.00000000000003
16,76,7,88,0,2,65,16,7,88,65,65.00000000000003
17,77,6,67,1,1,64,17,6,67,64,64.00000000000001
9,78,7,98,3,2,64,9,7,98,64,64.00000000000003
19,87,6,50,3,2,68,19,6,50,68,68.00000000000001
17,68,8,70,2,4,64,17,8,70,64,64.00000000000001
28,64,8,78,2,3,66,28,8,78,66,66.00000000000003
18,72,8,79,1,4,65,18,8,79,65,65.00000000000003
21,92,8,51,0,2,66,21,8,51,66,66.00000000000001
28,64,7,78,3,4,69,28,7,78,69,69.00000000000001
24,84,6,99,1,2,70,24,6,99,70,70.00000000000001
21,95,9,70,3,3,71,21,9,70,71,71.00000000000003
25,75,7,66,0,4,68,25,7,66,68,68.00000000000001
21,93,6,87,1,2,70,21,6,87,70,70.00000000000001
12,93,6,59,2,3,67,12,6,59,67,67.00000000000001
20,80,7,59,2,3,65,20,7,59,65,65.00000000000001
12,82,10,77,0,4,66,12,10,77,66,66.00000000000003
26,98,10,54,0,1,71,26,10,54,71,71.00000000000001
20,67,6,67,1,2,66,20,6,67,66,66.00000000000001
16,76,8,84,1,4,66,16,8,84,66,66.00000000000003
21,84,6,52,2,5,68,21,6,52,68,68.00000000000001
24,67,6,90,0,1,64,24,6,90,64,64.00000000000001
14,90,8,86,4,2,99,14,8,86,99,99.00000000000001
18,74,6,78,0,2,65,18,6,78,65,65.00000000000001
19,61,7,74,2,3,62,19,7,74,62,62.000000000000014
11,75,9,77,1,2,64,11,9,77,64,64.0
21,95,9,75,1,2,69,21,9,75,69,69.00000000000003
29,63,8,94,0,2,69,29,8,94,69,69.00000000000003
13,73,9,59,0,4,63,13,9,59,63,63.00000000000001
13,91,9,71,1,2,64,13,9,71,64,64.00000000000001
14,61,5,82,0,0,58,14,5,82,58,58.000000000000014
13,99,7,81,0,4,71,13,7,81,71,71.00000000000001
18,77,6,61,1,3,65,18,6,61,65,65.00000000000001
10,67,4,65,3,3,61,10,4,65,61,61.000000000000014
14,69,6,55,3,2,62,14,6,55,62,62.000000000000014
29,94,7,79,6,4,76,29,7,79,76,76.00000000000001
17,63,10,93,0,2,63,17,10,93,63,63.00000000000001
23,65,6,67,3,5,65,23,6,67,65,65.00000000000001
24,96,8,75,1,1,72,24,8,75,72,72.00000000000003
17,77,9,67,0,5,62,17,9,67,62,62.000000000000014
22,72,9,64,1,2,66,22,9,64,66,66.00000000000003
10,73,8,72,1,2,62,10,8,72,62,62.000000000000014
10,62,6,87,2,3,61,10,6,87,61,61.000000000000014
21,82,9,58,0,2,65,21,9,58,65,65.00000000000003
21,85,8,50,1,2,65,21,8,50,65,65.00000000000001
8,85,9,54,1,3,62,8,9,54,62,62.000000000000014
24,71,5,64,1,3,66,24,5,64,66,66.00000000000001
23,97,7,95,0,4,74,23,7,95,74,74.00000000000003
17,94,6,80,0,1,69,17,6,80,69,69.00000000000001
25,92,4,93,3,2,74,25,4,93,74,74.00000000000001
14,72,9,53,4,3,65,14,9,53,65,65.00000000000003
19,64,7,56,0,4,62,19,7,56,62,62.000000000000014
18,80,8,77,1,2,64,18,8,77,64,64.00000000000003
11,97,8,83,4,2,68,11,8,83,68,68.00000000000003
20,63,9,53,1,4,60,20,9,53,60,60.000000000000014
18,83,5,66,0,4,69,18,5,66,69,69.00000000000001
24,96,6,93,2,2,94,24,6,93,94,94.0
15,75,4,74,3,4,68,15,4,74,68,68.00000000000001
3,60,5,76,0,4,58,3,5,76,58,58.000000000000014
21,66,7,63,0,3,64,21,7,63,64,64.00000000000001
23,63,9,79,0,4,63,23,9,79,63,63.00000000000001
17,71,10,53,0,3,61,17,10,53,61,61.00000000000001
23,96,6,93,5,4,72,23,6,93,72,72.00000000000001
15,97,6,63,2,3,69,15,6,63,69,69.00000000000001
18,79,4,69,2,3,67,18,4,69,67,67.00000000000001
12,73,5,60,1,4,62,12,5,60,62,62.000000000000014
12,80,9,71,1,3,60,12,9,71,60,60.00000000000002
25,65,5,90,2,3,68,25,5,90,68,68.00000000000001
24,80,7,53,2,4,67,24,7,53,67,67.00000000000001
18,89,5,72,3,3,69,18,5,72,69,69.00000000000001
16,70,8,98,2,3,65,16,8,98,65,65.00000000000003
18,95,7,87,5,2,74,18,7,87,74,74.00000000000003
27,98,6,93,0,4,72,27,6,93,72,72.00000000000001
24,98,6,93,2,4,69,24,6,93,69,69.00000000000001
14,78,7,76,0,2,65,14,7,76,65,65.00000000000001
18,78,7,67,0,3,64,18,7,67,64,64.00000000000001
24,80,9,62,3,3,68,24,9,62,68,68.00000000000003
25,88,8,63,2,3,71,25,8,63,71,71.00000000000003
17,82,10,94,1,3,66,17,10,94,66,66.00000000000003
14,79,6,70,1,6,65,14,6,70,65,65.00000000000001
18,64,6,51,2,1,62,18,6,51,62,62.000000000000014
18,88,8,96,1,3,69,18,8,96,69,69.00000000000003
28,61,7,80,2,4,67,28,7,80,67,67.00000000000001
17,99,8,62,3,3,70,17,8,62,70,70.00000000000001
19,77,6,54,3,2,66,19,6,54,66,66.00000000000001
24,70,10,69,1,2,64,24,10,69,64,64.00000000000001
11,99,7,52,0,5,69,11,7,52,69,69.00000000000001
25,98,8,56,0,3,71,25,8,56,71,71.00000000000001
22,93,6,67,0,3,68,22,6,67,68,68.00000000000001
20,70,9,69,2,3,66,20,9,69,66,66.00000000000003
22,81,7,87,0,2,67,22,7,87,67,67.00000000000003
14,78,6,55,2,2,63,14,6,55,63,63.00000000000002
20,70,6,79,4,4,67,20,6,79,67,67.00000000000001
25,94,8,96,6,3,74,25,8,96,74,74.00000000000003
21,74,5,52,3,1,66,21,5,52,66,66.00000000000001
24,66,8,81,1,4,65,24,8,81,65,65.00000000000003
14,89,9,96,2,3,66,14,9,96,66,66.00000000000003
18,96,7,56,2,1,69,18,7,56,69,69.00000000000001
29,77,10,91,2,4,70,29,10,91,70,70.00000000000001
15,92,8,69,1,4,68,15,8,69,68,68.00000000000003
19,75,7,65,0,4,63,19,7,65,63,63.00000000000002
23,94,9,75,3,2,69,23,9,75,69,69.00000000000003
15,76,8,53,1,4,65,15,8,53,65,65.00000000000001
19,96,5,86,3,3,69,19,5,86,69,69.00000000000001
15,94,7,84,0,2,68,15,7,84,68,68.00000000000003
17,93,8,87,2,3,69,17,8,87,69,69.00000000000003
22,85,4,79,1,2,68,22,4,79,68,68.00000000000001
23,68,7,92,3,4,65,23,7,92,65,65.00000000000003
23,78,7,84,0,3,66,23,7,84,66,66.00000000000003
10,86,6,91,2,3,68,10,6,91,68,68.0
25,70,8,73,1,2,65,25,8,73,65,65.00000000000003
18,87,8,57,3,4,66,18,8,57,66,66.00000000000001
34,75,5,66,0,3,68,34,5,66,68,68.00000000000001
15,94,6,77,3,4,70,15,6,77,70,70.00000000000001
24,94,7,63,1,3,70,24,7,63,70,70.00000000000001
19,91,9,84,2,3,71,19,9,84,71,71.00000000000003
12,80,5,72,1,4,65,12,5,72,65,65.00000000000001
18,96,7,88,1,3,70,18,7,88,70,70.00000000000003
21,88,9,75,1,2,67,21,9,75,67,67.00000000000003
22,88,5,60,1,2,67,22,5,60,67,67.00000000000001
19,91,8,74,4,2,69,19,8,74,69,69.00000000000003
25,84,5,64,0,3,67,25,5,64,67,67.00000000000001
18,66,4,86,2,4,66,18,4,86,66,66.00000000000001
12,68,7,98,1,4,65,12,7,98,65,65.00000000000003
15,81,8,52,0,2,65,15,8,52,65,65.00000000000001
12,99,7,66,3,1,67,12,7,66,67,67.00000000000001
28,83,8,61,1,5,67,28,8,61,67,67.00000000000001
23,90,5,78,1,3,70,23,5,78,70,70.00000000000001
20,62,6,80,1,3,62,20,6,80,62,62.000000000000014
28,89,6,75,1,3,68,28,6,75,68,68.00000000000001
27,94,5,77,0,2,71,27,5,77,71,71.00000000000001
32,84,8,87,2,1,70,32,8,87,70,70.00000000000003
32,62,7,86,0,2,67,32,7,86,67,67.00000000000003
29,65,4,92,0,4,66,29,4,92,66,66.00000000000001
8,65,10,74,1,5,61,8,10,74,61,61.00000000000001
27,97,9,69,1,2,70,27,9,69,70,70.00000000000003
26,73,7,72,1,3,65,26,7,72,65,65.00000000000001
23,97,9,84,1,3,71,23,9,84,71,71.00000000000003
20,83,8,66,1,3,67,20,8,66,67,67.00000000000003
35,91,10,63,1,5,72,35,10,63,72,72.00000000000001
24,60,5,69,1,5,64,24,5,69,64,64.00000000000001
14,73,5,98,2,4,65,14,5,98,65,65.00000000000001
20,62,6,92,2,3,63,20,6,92,63,63.000000000000014
27,99,7,58,2,2,71,27,7,58,71,71.00000000000001
32,93,6,98,0,4,73,32,6,98,73,73.00000000000001
22,91,8,76,2,3,71,22,8,76,71,71.00000000000003
15,60,9,65,1,5,60,15,9,65,60,60.000000000000014
21,78,8,91,1,5,67,21,8,91,67,67.00000000000003
17,86,4,60,2,3,67,17,4,60,67,67.00000000000001
16,84,7,86,1,2,67,16,7,86,67,67.00000000000003
24,68,6,84,1,4,66,24,6,84,66,66.00000000000001
26,77,5,100,1,5,70,26,5,100,70,70.00000000000001
24,71,8,65,1,2,65,24,8,65,65,65.00000000000003
27,90,9,52,2,2,86,27,9,52,86,86.00000000000001
14,68,7,76,2,3,65,14,7,76,65,65.00000000000001
18,80,7,57,2,3,66,18,7,57,66,66.00000000000001
31,80,6,57,1,3,72,31,6,57,72,72.00000000000001
18,89,7,52,1,3,69,18,7,52,69,69.00000000000001
24,63,8,78,0,3,64,24,8,78,64,64.00000000000001
24,89,9,53,1,3,68,24,9,53,68,68.00000000000003
21,81,4,51,0,2,67,21,4,51,67,67.00000000000001
17,82,7,88,1,1,66,17,7,88,66,66.00000000000003
25,76,4,78,2,3,68,25,4,78,68,68.00000000000001
26,97,8,85,2,3,71,26,8,85,71,71.00000000000003
19,66,8,59,1,2,65,19,8,59,65,65.00000000000001
27,88,7,56,2,4,70,27,7,56,70,70.00000000000001
21,76,5,78,0,3,65,21,5,78,65,65.00000000000001
13,98,5,89,1,3,70,13,5,89,70,70.00000000000001
21,71,9,55,2,1,67,21,9,55,67,67.00000000000003
11,95,5,95,1,3,69,11,5,95,69,69.00000000000001
14,68,6,65,1,3,63,14,6,65,63,63.000000000000014
10,77,7,84,2,1,64,10,7,84,64,64.00000000000001
22,75,6,63,1,2,67,22,6,63,67,67.00000000000001
32,97,5,82,1,3,74,32,5,82,74,74.00000000000001
18,69,8,54,1,2,65,18,8,54,65,65.00000000000001
16,78,4,78,5,3,68,16,4,78,68,68.00000000000001
26,94,5,53,0,2,69,26,5,53,69,69.00000000000001
17,74,8,58,1,2,63,17,8,58,63,63.00000000000002
22,92,8,82,2,5,72,22,8,82,72,72.00000000000003
21,95,7,78,2,2,69,21,7,78,69,69.00000000000001
31,65,7,71,1,4,65,31,7,71,65,65.00000000000001
24,89,6,63,2,3,72,24,6,63,72,72.00000000000001
19,62,6,79,7,2,66,19,6,79,66,66.00000000000001
29,78,7,96,5,4,72,29,7,96,72,72.00000000000003
17,78,7,86,0,3,63,17,7,86,63,63.00000000000002
27,80,10,71,4,2,72,27,10,71,72,72.00000000000001
18,78,8,77,2,4,66,18,8,77,66,66.00000000000003
9,77,7,57,2,3,61,9,7,57,61,61.000000000000014
22,95,7,59,2,3,69,22,7,59,69,69.00000000000001
19,70,7,66,1,4,64,19,7,66,64,64.00000000000001
20,85,5,75,1,2,67,20,5,75,67,67.00000000000001
15,68,6,55,0,3,62,15,6,55,62,62.000000000000014
20,69,7,97,3,3,68,20,7,97,68,68.00000000000003
33,70,6,82,1,4,69,33,6,82,69,69.00000000000001
20,90,7,74,0,3,68,20,7,74,68,68.00000000000001
21,80,7,92,1,3,67,21,7,92,67,67.00000000000003
20,87,6,75,0,3,68,20,6,75,68,68.00000000000001
14,88,7,66,4,3,69,14,7,66,69,69.00000000000001
21,86,9,86,2,3,71,21,9,86,71,71.00000000000003
24,83,6,85,1,4,68,24,6,85,68,68.00000000000001
21,77,7,90,4,3,68,21,7,90,68,68.00000000000003
19,73,6,64,1,3,65,19,6,64,65,65.00000000000001
13,65,6,73,0,3,62,13,6,73,62,62.000000000000014
10,69,5,65,0,3,60,10,5,65,60,60.000000000000014
17,100,5,76,3,3,70,17,5,76,70,70.00000000000001
28,87,8,95,2,3,73,28,8,95,73,73.00000000000003
22,87,5,80,2,3,70,22,5,80,70,70.00000000000001
24,69,5,83,3,3,66,24,5,83,66,66.00000000000001
20,66,6,83,2,3,64,20,6,83,64,64.00000000000001
15,95,9,58,2,3,69,15,9,58,69,69.00000000000003
19,75,8,83,2,2,68,19,8,83,68,68.00000000000003
19,89,5,60,4,2,69,19,5,60,69,69.00000000000001
31,68,7,86,1,3,68,31,7,86,68,68.00000000000003
25,75,7,82,3,4,68,25,7,82,68,68.00000000000001
24,65,7,55,1,3,63,24,7,55,63,63.000000000000014
18,73,8,88,3,4,65,18,8,88,65,65.00000000000003
28,93,7,79,0,4,74,28,7,79,74,74.00000000000001
19,93,8,68,1,3,72,19,8,68,72,72.00000000000003
13,82,7,82,1,3,65,13,7,82,65,65.00000000000001
18,85,7,69,2,4,68,18,7,69,68,68.00000000000001
23,97,9,94,2,3,73,23,9,94,73,73.00000000000001
24,80,7,60,1,3,68,24,7,60,68,68.00000000000001
17,72,8,96,2,3,65,17,8,96,65,65.00000000000003
12,81,5,68,0,2,62,12,5,68,62,62.00000000000002
18,88,8,87,2,2,68,18,8,87,68,68.00000000000003
20,87,7,99,3,3,69,20,7,99,69,69.00000000000003
21,96,5,71,2,4,70,21,5,71,70,70.00000000000001
21,69,9,80,2,5,68,21,9,80,68,68.00000000000003
20,81,4,55,1,2,68,20,4,55,68,68.00000000000001
15,65,5,93,2,4,63,15,5,93,63,63.000000000000014
21,63,6,77,3,1,63,21,6,77,63,63.000000000000014
22,79,9,94,1,3,68,22,9,94,68,68.00000000000003
23,68,8,68,1,2,65,23,8,68,65,65.00000000000003
27,91,5,87,0,3,69,27,5,87,69,69.00000000000001
24,63,7,91,4,4,67,24,7,91,67,67.00000000000003
22,72,7,88,2,4,66,22,7,88,66,66.00000000000003
22,66,8,95,3,3,67,22,8,95,67,67.00000000000003
24,62,8,56,0,2,63,24,8,56,63,63.000000000000014
24,86,8,98,2,5,71,24,8,98,71,71.00000000000003
17,91,7,62,3,3,68,17,7,62,68,68.00000000000001
23,92,7,72,0,4,69,23,7,72,69,69.00000000000001
15,98,6,58,0,3,69,15,6,58,69,69.00000000000001
16,77,8,74,0,2,65,16,8,74,65,65.00000000000003
18,84,9,68,0,2,66,18,9,68,66,66.00000000000003
18,74,8,72,1,2,65,18,8,72,65,65.00000000000003
22,77,7,74,2,4,67,22,7,74,67,67.00000000000001
22,61,6,84,0,2,64,22,6,84,64,64.00000000000001
8,64,7,82,0,1,61,8,7,82,61,61.000000000000014
22,70,5,61,1,3,63,22,5,61,63,63.00000000000002
34,87,6,69,3,2,72,34,6,69,72,72.00000000000001
18,91,5,76,1,3,68,18,5,76,68,68.00000000000001
30,81,6,76,0,3,72,30,6,76,72,72.00000000000001
18,90,7,65,4,3,69,18,7,65,69,69.00000000000001
14,80,6,61,0,4,65,14,6,61,65,65.00000000000001
16,85,5,86,3,2,67,16,5,86,67,67.00000000000001
15,62,7,74,0,3,61,15,7,74,61,61.000000000000014
26,71,8,99,1,3,67,26,8,99,67,67.00000000000003
18,65,6,60,0,3,62,18,6,60,62,62.000000000000014
26,75,6,72,0,3,66,26,6,72,66,66.00000000000001
17,87,4,68,2,4,68,17,4,68,68,68.00000000000001
29,80,6,71,0,3,70,29,6,71,70,70.00000000000001
24,94,8,80,1,4,70,24,8,80,70,70.00000000000003
21,88,6,91,0,4,70,21,6,91,70,70.00000000000001
12,64,5,67,3,2,59,12,5,67,59,59.000000000000014
23,84,6,78,2,2,68,23,6,78,68,68.00000000000001
27,80,5,94,3,3,69,27,5,94,69,69.00000000000001
20,84,10,63,0,4,69,20,10,63,69,69.00000000000001
12,83,8,61,3,5,66,12,8,61,66,66.0
13,65,6,99,0,4,61,13,6,99,61,61.000000000000014
31,69,7,60,1,3,68,31,7,60,68,68.00000000000001
23,76,6,85,2,3,66,23,6,85,66,66.00000000000001
16,95,6,69,2,3,67,16,6,69,67,67.00000000000001
28,89,9,79,0,1,71,28,9,79,71,71.00000000000003
13,86,7,80,0,5,65,13,7,80,65,65.00000000000001
9,74,7,66,1,3,62,9,7,66,62,62.000000000000014
17,64,8,67,3,3,64,17,8,67,64,64.00000000000001
23,73,6,50,1,3,68,23,6,50,68,68.00000000000001
21,90,8,75,4,2,71,21,8,75,71,71.00000000000003
24,90,7,55,1,2,68,24,7,55,68,68.00000000000001
24,86,6,68,3,3,70,24,6,68,70,70.00000000000001
18,94,8,77,3,4,74,18,8,77,74,74.00000000000003
20,87,8,89,2,3,68,20,8,89,68,68.00000000000003
20,63,7,72,3,5,63,20,7,72,63,63.000000000000014
22,79,7,91,0,4,66,22,7,91,66,66.00000000000003
23,71,5,50,1,1,65,23,5,50,65,65.00000000000001
18,98,7,90,0,1,68,18,7,90,68,68.00000000000003
25,92,4,74,3,2,71,25,4,74,71,71.00000000000001
18,69,7,54,1,4,61,18,7,54,61,61.000000000000014
28,76,6,71,3,2,68,28,6,71,68,68.00000000000001
22,72,5,78,1,3,66,22,5,78,66,66.00000000000001
9,69,7,82,1,2,65,9,7,82,65,65.00000000000001
29,90,7,94,1,4,73,29,7,94,73,73.00000000000003
13,93,6,96,2,3,68,13,6,96,68,68.00000000000001
24,93,8,51,4,2,72,24,8,51,72,72.00000000000001
20,63,6,94,2,3,63,20,6,94,63,63.000000000000014
17,60,8,50,0,4,63,17,8,50,63,63.000000000000014
14,86,10,78,3,4,66,14,10,78,66,66.00000000000003
19,93,7,95,3,3,71,19,7,95,71,71.00000000000003
5,79,9,89,3,3,66,5,9,89,66,66.00000000000003
20,64,6,50,0,2,62,20,6,50,62,62.000000000000014
21,91,9,66,3,4,70,21,9,66,70,70.00000000000003
28,88,8,79,0,3,71,28,8,79,71,71.00000000000003
19,99,7,87,1,4,70,19,7,87,70,70.00000000000003
13,70,5,59,0,2,63,13,5,59,63,63.000000000000014
6,66,7,62,2,4,61,6,7,62,61,61.000000000000014
15,69,7,74,2,5,65,15,7,74,65,65.00000000000001
17,64,7,78,1,3,64,17,7,78,64,64.00000000000001
16,92,7,76,0,2,68,16,7,76,68,68.00000000000001
17,74,9,64,2,3,63,17,9,64,63,63.000000000000014
13,99,6,57,1,5,68,13,6,57,68,68.00000000000001
22,63,5,53,2,1,64,22,5,53,64,64.00000000000001
21,79,7,98,2,1,69,21,7,98,69,69.00000000000003
30,63,8,97,1,3,69,30,8,97,69,69.00000000000003
18,94,7,69,1,2,69,18,7,69,69,69.00000000000001
18,73,8,74,3,2,66,18,8,74,66,66.00000000000003
16,97,8,60,0,3,69,16,8,60,69,69.00000000000001
22,99,5,71,0,4,72,22,5,71,72,72.00000000000001
7,88,7,64,2,4,66,7,7,64,66,66.00000000000001
25,67,8,95,0,4,65,25,8,95,65,65.00000000000003
19,93,7,84,5,3,73,19,7,84,73,73.00000000000003
17,83,6,98,0,3,69,17,6,98,69,69.00000000000001
22,99,7,65,3,3,71,22,7,65,71,71.00000000000001
16,92,8,68,1,2,70,16,8,68,70,70.00000000000003
19,70,5,89,1,2,64,19,5,89,64,64.00000000000001
19,77,6,77,1,3,68,19,6,77,68,68.00000000000001
20,72,9,66,3,3,67,20,9,66,67,67.00000000000003
16,76,5,79,0,4,65,16,5,79,65,65.00000000000001
18,96,4,93,0,4,72,18,4,93,72,72.00000000000001
25,65,6,50,2,2,64,25,6,50,64,64.00000000000001
25,85,5,55,3,3,67,25,5,55,67,67.00000000000001
25,90,8,83,2,3,73,25,8,83,73,73.00000000000003
16,68,10,64,2,2,61,16,10,64,61,61.00000000000001
24,69,7,69,7,3,70,24,7,69,70,70.00000000000001
21,80,5,84,4,2,69,21,5,84,69,69.00000000000001
29,70,4,91,2,3,69,29,4,91,69,69.00000000000001
14,98,7,76,0,2,71,14,7,76,71,71.00000000000001
15,61,9,52,1,3,60,15,9,52,60,60.000000000000014
23,68,6,60,1,3,64,23,6,60,64,64.00000000000001
5,65,7,71,0,2,56,5,7,71,56,56.000000000000014
11,63,5,85,0,4,62,11,5,85,62,62.000000000000014
26,63,5,76,3,5,66,26,5,76,66,66.00000000000001
27,86,8,67,1,4,71,27,8,67,71,71.00000000000003
22,67,7,72,3,2,67,22,7,72,67,67.00000000000001
18,66,4,51,2,2,64,18,4,51,64,64.00000000000001
25,95,7,77,0,3,71,25,7,77,71,71.00000000000001
18,75,6,100,2,3,67,18,6,100,67,67.00000000000001
24,71,6,52,2,3,66,24,6,52,66,66.00000000000001
25,74,9,88,3,3,70,25,9,88,70,70.00000000000003
20,94,10,81,1,5,69,20,10,81,69,69.00000000000001
11,71,8,55,1,3,87,11,8,55,87,87.0
12,90,6,75,2,3,69,12,6,75,69,69.00000000000001
25,60,8,98,1,5,67,25,8,98,67,67.00000000000003
15,69,8,92,0,1,63,15,8,92,63,63.000000000000014
27,76,9,67,1,4,68,27,9,67,68,68.00000000000003
20,89,10,91,3,3,72,20,10,91,72,72.00000000000001
17,98,6,62,1,2,68,17,6,62,68,68.00000000000001
11,100,8,58,1,3,70,11,8,58,70,70.00000000000001
21,76,7,80,3,2,65,21,7,80,65,65.00000000000001
27,79,8,63,2,5,69,27,8,63,69,69.00000000000003
13,87,4,96,3,3,67,13,4,96,67,67.00000000000001
19,71,9,94,1,4,68,19,9,94,68,68.00000000000003
21,74,5,88,1,1,66,21,5,88,66,66.00000000000001
29,95,7,91,1,3,73,29,7,91,73,73.00000000000003
27,88,6,55,2,5,67,27,6,55,67,67.00000000000001
13,74,5,88,3,3,66,13,5,88,66,66.00000000000001
16,100,7,55,1,2,69,16,7,55,69,69.00000000000001
15,74,8,60,3,5,66,15,8,60,66,66.00000000000001
26,84,8,76,5,2,71,26,8,76,71,71.00000000000003
26,70,8,75,1,4,63,26,8,75,63,63.00000000000002
16,90,6,90,2,3,69,16,6,90,69,69.00000000000001
12,83,7,86,1,4,65,12,7,86,65,65.00000000000003
26,71,7,91,2,3,66,26,7,91,66,66.00000000000003
18,89,5,72,4,2,69,18,5,72,69,69.00000000000001
22,98,7,52,3,3,70,22,7,52,70,70.00000000000001
16,75,9,62,3,4,66,16,9,62,66,66.00000000000003
19,67,8,55,0,4,62,19,8,55,62,62.000000000000014
22,77,6,71,3,4,67,22,6,71,67,67.00000000000001
21,87,6,82,0,5,68,21,6,82,68,68.00000000000001
17,90,8,82,0,4,70,17,8,82,70,70.00000000000003
31,91,7,94,2,3,75,31,7,94,75,75.00000000000003
20,95,7,100,3,2,69,20,7,100,69,69.00000000000003
21,80,5,65,2,1,68,21,5,65,68,68.00000000000001
18,75,7,59,0,2,62,18,7,59,62,62.00000000000002
21,72,6,96,4,2,66,21,6,96,66,66.00000000000001
22,63,8,83,3,1,63,22,8,83,63,63.000000000000014
13,61,7,73,2,2,59,13,7,73,59,59.000000000000014
17,78,8,98,2,2,66,17,8,98,66,66.00000000000003
27,80,6,65,1,4,67,27,6,65,67,67.00000000000001
25,96,9,55,2,4,71,25,9,55,71,71.00000000000003
11,100,9,77,2,3,70,11,9,77,70,70.00000000000003
21,84,7,51,0,3,68,21,7,51,68,68.00000000000001
14,77,5,60,1,3,64,14,5,60,64,64.00000000000001
23,79,6,87,2,4,68,23,6,87,68,68.00000000000001
26,96,5,63,1,2,72,26,5,63,72,72.00000000000001
18,64,5,76,1,4,64,18,5,76,64,64.00000000000001
21,96,5,58,0,4,72,21,5,58,72,72.00000000000001
20,61,9,54,2,4,67,20,9,54,67,67.00000000000003
27,66,6,67,1,4,65,27,6,67,65,65.00000000000001
12,86,5,76,2,3,68,12,5,76,68,68.00000000000001
10,73,9,58,5,3,61,10,9,58,61,61.00000000000001
15,91,6,91,0,3,67,15,6,91,67,67.00000000000001
25,92,9,79,3,4,72,25,9,79,72,72.00000000000001
22,73,7,70,2,3,66,22,7,70,66,66.00000000000001
14,81,5,78,2,4,68,14,5,78,68,68.00000000000001
35,90,7,92,0,4,73,35,7,92,73,73.00000000000003
23,79,6,70,3,4,68,23,6,70,68,68.00000000000001
20,76,6,94,2,3,65,20,6,94,65,65.00000000000001
21,100,5,58,2,2,69,21,5,58,69,69.00000000000001
9,69,10,92,2,3,65,9,10,92,65,65.00000000000003
18,93,7,75,1,1,69,18,7,75,69,69.00000000000001
21,86,5,51,2,2,67,21,5,51,67,67.00000000000001
23,66,6,80,1,3,66,23,6,80,66,66.00000000000001
11,97,7,68,0,2,64,11,7,68,64,64.00000000000001
19,87,8,86,1,4,69,19,8,86,69,69.00000000000003
33,66,6,59,3,2,70,33,6,59,70,70.00000000000001
25,62,7,95,1,4,65,25,7,95,65,65.00000000000003
13,65,7,75,2,4,63,13,7,75,63,63.000000000000014
23,69,7,62,1,4,64,23,7,62,64,64.00000000000001
18,94,4,71,3,3,71,18,4,71,71,71.00000000000001
18,64,9,89,1,3,64,18,9,89,64,64.0
20,75,7,71,1,4,69,20,7,71,69,69.00000000000001
16,94,7,76,2,3,67,16,7,76,67,67.00000000000001
19,85,4,71,1,3,66,19,4,71,66,66.00000000000001
27,76,9,55,3,0,69,27,9,55,69,69.00000000000003
24,63,8,85,1,3,65,24,8,85,65,65.00000000000003
20,81,6,61,0,4,63,20,6,61,63,63.00000000000002
12,92,7,78,3,2,67,12,7,78,67,67.00000000000001
27,90,7,86,2,3,74,27,7,86,74,74.00000000000001
